transaction_id,customer_id,type,amount,transaction_date
TXN941505,CUS00140,ORDER,2755000.0,2026-03-23 22:47:52
TXN424493,CUS00489,BOOKING,527000.0,2026-05-27 22:47:52
TXN666288,CUS00290,ORDER,3589000.0,2026-04-03 22:47:52
TXN462027,CUS00429,BOOKING,987000.0,2026-06-02 22:47:52
TXN965974,CUS00213,BOOKING,375000.0,2026-05-24 22:47:52
TXN371296,CUS00146,BOOKING,1806000.0,2026-05-19 22:47:52
TXN100257,CUS00004,ORDER,4439000.0,2026-02-23 22:47:52
TXN679283,CUS00329,BOOKING,554000.0,2026-06-16 22:47:52
TXN22429,CUS00149,BOOKING,1796000.0,2026-06-03 22:47:52
TXN200265,CUS00164,BOOKING,1794000.0,2026-07-05 22:47:52
TXN730103,CUS00298,BOOKING,1605000.0,2026-03-23 22:47:52
TXN156842,CUS00179,BOOKING,469000.0,2026-05-13 22:47:52
TXN848598,CUS00454,ORDER,234000.0,2026-07-03 22:47:52
TXN561142,CUS00354,BOOKING,1267000.0,2026-07-04 22:47:52
TXN459472,CUS00404,BOOKING,585000.0,2026-06-25 22:47:52
TXN454991,CUS00255,ORDER,2993000.0,2026-05-18 22:47:52
TXN67550,CUS00478,BOOKING,1706000.0,2026-04-24 22:47:52
TXN706773,CUS00317,BOOKING,1046000.0,2026-06-25 22:47:52
TXN737051,CUS00425,BOOKING,1139000.0,2026-05-01 22:47:52
TXN744084,CUS00447,BOOKING,1679000.0,2026-07-05 22:47:52
TXN725212,CUS00389,BOOKING,1069000.0,2026-05-03 22:47:52
TXN577973,CUS00238,BOOKING,728000.0,2026-06-23 22:47:52
TXN504144,CUS00448,BOOKING,867000.0,2026-03-22 22:47:52
TXN712265,CUS00152,BOOKING,353000.0,2025-08-28 22:47:52
TXN980836,CUS00469,BOOKING,957000.0,2026-02-07 22:47:52
TXN64588,CUS00365,ORDER,1504000.0,2026-05-25 22:47:52
TXN225987,CUS00342,BOOKING,754000.0,2026-07-06 22:47:52
TXN130407,CUS00172,BOOKING,302000.0,2026-04-25 22:47:52
TXN683528,CUS00197,BOOKING,350000.0,2026-03-18 22:47:52
TXN608192,CUS00279,ORDER,2569000.0,2025-12-23 22:47:52
TXN435983,CUS00092,ORDER,2426000.0,2026-04-30 22:47:52
TXN639342,CUS00418,ORDER,4460000.0,2026-07-09 22:47:52
TXN350601,CUS00408,ORDER,4603000.0,2026-06-23 22:47:52
TXN770281,CUS00256,BOOKING,1434000.0,2026-06-21 22:47:52
TXN70796,CUS00084,BOOKING,208000.0,2026-07-09 22:47:52
TXN511915,CUS00450,BOOKING,994000.0,2026-06-03 22:47:52
TXN243197,CUS00382,BOOKING,1043000.0,2026-05-24 22:47:52
TXN484069,CUS00365,BOOKING,299000.0,2026-04-21 22:47:52
TXN935615,CUS00460,ORDER,468000.0,2026-06-10 22:47:52
TXN543422,CUS00104,BOOKING,1401000.0,2026-04-28 22:47:52
TXN606348,CUS00227,BOOKING,489000.0,2026-03-22 22:47:52
TXN948557,CUS00039,BOOKING,908000.0,2026-03-23 22:47:52
TXN839761,CUS00477,BOOKING,1921000.0,2026-04-21 22:47:52
TXN413321,CUS00490,BOOKING,1078000.0,2026-07-09 22:47:52
TXN230657,CUS00183,BOOKING,875000.0,2026-06-01 22:47:52
TXN750629,CUS00429,ORDER,211000.0,2026-06-21 22:47:52
TXN597360,CUS00172,BOOKING,788000.0,2026-05-17 22:47:52
TXN547977,CUS00174,BOOKING,307000.0,2026-06-11 22:47:52
TXN211494,CUS00404,BOOKING,1730000.0,2026-04-01 22:47:52
TXN71957,CUS00098,ORDER,891000.0,2026-02-27 22:47:52
TXN457389,CUS00098,ORDER,2521000.0,2026-06-17 22:47:52
TXN815102,CUS00203,BOOKING,1837000.0,2026-06-30 22:47:52
TXN882868,CUS00360,ORDER,2180000.0,2026-05-16 22:47:52
TXN395639,CUS00263,BOOKING,1418000.0,2026-07-03 22:47:52
TXN267130,CUS00455,BOOKING,1551000.0,2026-06-30 22:47:52
TXN459281,CUS00257,BOOKING,1955000.0,2026-05-29 22:47:52
TXN299996,CUS00051,ORDER,734000.0,2026-03-17 22:47:52
TXN52487,CUS00082,ORDER,1883000.0,2026-06-29 22:47:52
TXN794879,CUS00028,BOOKING,403000.0,2026-06-23 22:47:52
TXN1020,CUS00344,ORDER,1880000.0,2026-05-07 22:47:52
TXN179513,CUS00040,BOOKING,649000.0,2026-06-04 22:47:52
TXN556760,CUS00171,ORDER,3996000.0,2026-06-24 22:47:52
TXN219549,CUS00369,BOOKING,369000.0,2026-04-24 22:47:52
TXN885995,CUS00332,ORDER,2623000.0,2026-07-09 22:47:52
TXN887354,CUS00102,ORDER,1151000.0,2026-07-03 22:47:52
TXN325281,CUS00278,BOOKING,761000.0,2026-04-21 22:47:52
TXN957336,CUS00458,ORDER,658000.0,2026-05-02 22:47:52
TXN778781,CUS00426,BOOKING,1681000.0,2026-06-19 22:47:52
TXN7787,CUS00244,BOOKING,738000.0,2026-04-19 22:47:52
TXN922191,CUS00486,ORDER,1877000.0,2026-04-24 22:47:52
TXN718667,CUS00074,BOOKING,460000.0,2026-05-06 22:47:52
TXN484003,CUS00287,ORDER,4028000.0,2026-06-18 22:47:52
TXN631034,CUS00205,BOOKING,1348000.0,2026-06-28 22:47:52
TXN466931,CUS00103,BOOKING,311000.0,2026-07-02 22:47:52
TXN110904,CUS00076,BOOKING,1231000.0,2026-07-05 22:47:52
TXN619079,CUS00430,BOOKING,921000.0,2026-06-30 22:47:52
TXN919349,CUS00486,ORDER,1463000.0,2026-07-01 22:47:52
TXN282501,CUS00045,BOOKING,1109000.0,2026-05-20 22:47:52
TXN664971,CUS00315,BOOKING,820000.0,2026-06-09 22:47:52
TXN371661,CUS00498,BOOKING,452000.0,2026-06-07 22:47:52
TXN958160,CUS00426,BOOKING,689000.0,2026-04-19 22:47:52
TXN934870,CUS00219,BOOKING,1433000.0,2026-07-05 22:47:52
TXN435301,CUS00021,ORDER,600000.0,2026-06-05 22:47:52
TXN86905,CUS00200,BOOKING,971000.0,2026-05-16 22:47:52
TXN289818,CUS00090,BOOKING,1146000.0,2025-12-29 22:47:52
TXN988535,CUS00041,BOOKING,1690000.0,2026-05-15 22:47:52
TXN808388,CUS00198,ORDER,3372000.0,2026-06-29 22:47:52
TXN303166,CUS00136,BOOKING,1125000.0,2026-07-02 22:47:52
TXN874194,CUS00164,BOOKING,1772000.0,2026-01-31 22:47:52
TXN244919,CUS00397,ORDER,3125000.0,2026-06-10 22:47:52
TXN650160,CUS00185,ORDER,380000.0,2026-04-27 22:47:52
TXN720053,CUS00038,BOOKING,1109000.0,2026-01-31 22:47:52
TXN358816,CUS00473,BOOKING,260000.0,2026-06-07 22:47:52
TXN449370,CUS00351,BOOKING,1807000.0,2026-05-24 22:47:52
TXN228924,CUS00423,BOOKING,331000.0,2026-01-06 22:47:52
TXN841744,CUS00489,BOOKING,1426000.0,2026-06-19 22:47:52
TXN804010,CUS00053,ORDER,1661000.0,2026-04-18 22:47:52
TXN903015,CUS00279,BOOKING,1540000.0,2026-05-04 22:47:52
TXN51051,CUS00270,BOOKING,469000.0,2026-05-15 22:47:52
TXN82992,CUS00363,BOOKING,1979000.0,2026-06-02 22:47:52
TXN191676,CUS00334,BOOKING,1645000.0,2026-07-02 22:47:52
TXN306772,CUS00343,BOOKING,1113000.0,2025-12-13 22:47:52
TXN327664,CUS00393,BOOKING,1321000.0,2025-12-23 22:47:52
TXN175170,CUS00449,BOOKING,1473000.0,2026-07-04 22:47:52
TXN798329,CUS00321,ORDER,3771000.0,2026-04-26 22:47:52
TXN704356,CUS00117,BOOKING,823000.0,2025-11-08 22:47:52
TXN630964,CUS00386,ORDER,722000.0,2026-04-23 22:47:52
TXN362217,CUS00103,BOOKING,1008000.0,2026-05-30 22:47:52
TXN150,CUS00250,ORDER,140000.0,2025-12-07 22:47:52
TXN594041,CUS00123,ORDER,2380000.0,2026-06-04 22:47:52
TXN332364,CUS00160,BOOKING,215000.0,2026-06-07 22:47:52
TXN500264,CUS00245,BOOKING,1058000.0,2026-06-25 22:47:52
TXN785259,CUS00341,ORDER,680000.0,2026-06-23 22:47:52
TXN179515,CUS00063,ORDER,4775000.0,2026-04-02 22:47:52
TXN81347,CUS00039,ORDER,399000.0,2026-06-29 22:47:52
TXN412592,CUS00233,ORDER,4155000.0,2026-05-09 22:47:52
TXN630997,CUS00125,BOOKING,1942000.0,2026-03-12 22:47:52
TXN335596,CUS00260,BOOKING,461000.0,2026-07-07 22:47:52
TXN235963,CUS00187,BOOKING,1655000.0,2026-06-28 22:47:52
TXN66879,CUS00252,ORDER,1529000.0,2026-06-16 22:47:52
TXN156547,CUS00423,ORDER,1830000.0,2025-12-03 22:47:52
TXN680696,CUS00036,BOOKING,1904000.0,2026-03-19 22:47:52
TXN289060,CUS00038,BOOKING,1084000.0,2026-05-25 22:47:52
TXN294936,CUS00152,BOOKING,433000.0,2026-06-22 22:47:52
TXN69308,CUS00264,BOOKING,1746000.0,2026-06-13 22:47:52
TXN565887,CUS00336,ORDER,3412000.0,2026-07-07 22:47:52
TXN824563,CUS00353,BOOKING,566000.0,2026-05-25 22:47:52
TXN874904,CUS00391,BOOKING,926000.0,2026-06-26 22:47:52
TXN165120,CUS00152,ORDER,2486000.0,2026-06-19 22:47:52
TXN39304,CUS00196,BOOKING,583000.0,2026-03-21 22:47:52
TXN584505,CUS00028,ORDER,1821000.0,2026-07-08 22:47:52
TXN87497,CUS00365,ORDER,3580000.0,2026-05-30 22:47:52
TXN562158,CUS00243,BOOKING,1881000.0,2026-06-26 22:47:52
TXN558011,CUS00299,ORDER,549000.0,2026-06-26 22:47:52
TXN740145,CUS00338,ORDER,3126000.0,2026-05-10 22:47:52
TXN709091,CUS00124,ORDER,2840000.0,2026-05-27 22:47:52
TXN438773,CUS00095,BOOKING,871000.0,2026-05-12 22:47:52
TXN651239,CUS00235,ORDER,3634000.0,2026-05-11 22:47:52
TXN103480,CUS00368,BOOKING,1557000.0,2026-05-16 22:47:52
TXN863351,CUS00217,ORDER,4992000.0,2026-06-18 22:47:52
TXN738707,CUS00472,ORDER,3350000.0,2026-05-09 22:47:52
TXN662518,CUS00197,BOOKING,965000.0,2026-05-07 22:47:52
TXN782176,CUS00028,BOOKING,326000.0,2026-06-24 22:47:52
TXN677793,CUS00020,BOOKING,1587000.0,2025-07-21 22:47:52
TXN656248,CUS00407,ORDER,4844000.0,2026-04-06 22:47:52
TXN464508,CUS00297,BOOKING,1539000.0,2026-07-03 22:47:52
TXN769621,CUS00265,BOOKING,1424000.0,2026-05-09 22:47:52
TXN458498,CUS00015,BOOKING,700000.0,2026-07-05 22:47:52
TXN319714,CUS00179,BOOKING,1079000.0,2026-06-22 22:47:52
TXN46275,CUS00055,BOOKING,525000.0,2026-06-19 22:47:52
TXN792740,CUS00330,BOOKING,1552000.0,2026-04-13 22:47:52
TXN788349,CUS00198,BOOKING,1174000.0,2026-03-22 22:47:52
TXN93766,CUS00163,ORDER,423000.0,2026-06-29 22:47:52
TXN312072,CUS00070,BOOKING,1068000.0,2026-01-27 22:47:52
TXN710785,CUS00042,ORDER,4008000.0,2026-06-12 22:47:52
TXN907788,CUS00131,ORDER,1711000.0,2026-07-05 22:47:52
TXN246129,CUS00191,ORDER,4918000.0,2026-06-12 22:47:52
TXN510304,CUS00451,BOOKING,1801000.0,2026-04-30 22:47:52
TXN546033,CUS00482,ORDER,4227000.0,2026-04-05 22:47:52
TXN24583,CUS00383,BOOKING,1774000.0,2026-06-26 22:47:52
TXN838480,CUS00195,BOOKING,1456000.0,2026-06-25 22:47:52
TXN83174,CUS00289,BOOKING,1032000.0,2026-05-12 22:47:52
TXN116842,CUS00391,BOOKING,354000.0,2026-04-22 22:47:52
TXN456542,CUS00129,BOOKING,887000.0,2026-06-29 22:47:52
TXN216581,CUS00171,ORDER,1052000.0,2026-06-11 22:47:52
TXN491422,CUS00464,BOOKING,1063000.0,2026-07-07 22:47:52
TXN520204,CUS00226,BOOKING,1157000.0,2026-07-05 22:47:52
TXN707031,CUS00400,BOOKING,242000.0,2026-03-13 22:47:52
TXN726122,CUS00293,BOOKING,638000.0,2026-07-01 22:47:52
TXN26235,CUS00497,BOOKING,1043000.0,2026-05-10 22:47:52
TXN427053,CUS00324,BOOKING,1607000.0,2025-11-04 22:47:52
TXN996477,CUS00167,BOOKING,1895000.0,2026-04-19 22:47:52
TXN92096,CUS00153,BOOKING,959000.0,2026-06-21 22:47:52
TXN914058,CUS00013,BOOKING,1267000.0,2026-05-21 22:47:52
TXN992426,CUS00106,BOOKING,928000.0,2026-05-25 22:47:52
TXN515945,CUS00318,BOOKING,622000.0,2026-05-29 22:47:52
TXN788455,CUS00367,BOOKING,1601000.0,2026-05-13 22:47:52
TXN552627,CUS00073,BOOKING,1924000.0,2026-06-08 22:47:52
TXN902470,CUS00112,BOOKING,1813000.0,2026-06-05 22:47:52
TXN111558,CUS00061,BOOKING,321000.0,2026-07-03 22:47:52
TXN91698,CUS00379,ORDER,4891000.0,2026-05-25 22:47:52
TXN376203,CUS00175,BOOKING,968000.0,2026-03-26 22:47:52
TXN622759,CUS00008,BOOKING,607000.0,2026-06-19 22:47:52
TXN833706,CUS00400,ORDER,1883000.0,2026-05-03 22:47:52
TXN491211,CUS00471,ORDER,177000.0,2026-05-24 22:47:52
TXN431512,CUS00422,BOOKING,1450000.0,2026-04-05 22:47:52
TXN762990,CUS00462,BOOKING,254000.0,2026-06-30 22:47:52
TXN598157,CUS00351,ORDER,3800000.0,2026-03-16 22:47:52
TXN424175,CUS00413,BOOKING,641000.0,2026-04-25 22:47:52
TXN703467,CUS00450,BOOKING,512000.0,2026-05-19 22:47:52
TXN125617,CUS00344,ORDER,3332000.0,2026-07-07 22:47:52
TXN555092,CUS00474,BOOKING,533000.0,2026-06-23 22:47:52
TXN324643,CUS00384,BOOKING,578000.0,2026-07-07 22:47:52
TXN69977,CUS00094,ORDER,469000.0,2026-06-07 22:47:52
TXN101139,CUS00346,BOOKING,1832000.0,2026-06-04 22:47:52
TXN630360,CUS00003,ORDER,3176000.0,2026-01-13 22:47:52
TXN365,CUS00238,ORDER,1172000.0,2026-07-09 22:47:52
TXN215403,CUS00464,BOOKING,1903000.0,2026-06-17 22:47:52
TXN725758,CUS00488,BOOKING,592000.0,2026-06-17 22:47:52
TXN310571,CUS00095,ORDER,4946000.0,2026-06-01 22:47:52
TXN280310,CUS00377,ORDER,3593000.0,2026-06-08 22:47:52
TXN697053,CUS00474,BOOKING,1944000.0,2026-05-03 22:47:52
TXN827430,CUS00009,ORDER,4492000.0,2026-04-22 22:47:52
TXN186020,CUS00024,ORDER,1154000.0,2026-06-19 22:47:52
TXN495155,CUS00026,ORDER,981000.0,2026-01-31 22:47:52
TXN542402,CUS00137,ORDER,2571000.0,2026-07-09 22:47:52
TXN695376,CUS00366,BOOKING,1932000.0,2026-01-03 22:47:52
TXN999005,CUS00422,BOOKING,318000.0,2026-05-25 22:47:52
TXN115800,CUS00035,BOOKING,806000.0,2026-06-26 22:47:52
TXN444942,CUS00271,BOOKING,569000.0,2026-06-05 22:47:52
TXN677836,CUS00427,ORDER,2376000.0,2026-07-02 22:47:52
TXN372404,CUS00291,ORDER,3203000.0,2026-06-07 22:47:52
TXN273571,CUS00270,BOOKING,1221000.0,2026-05-26 22:47:52
TXN840353,CUS00388,ORDER,3682000.0,2026-05-02 22:47:52
TXN235175,CUS00271,BOOKING,861000.0,2026-06-23 22:47:52
TXN53232,CUS00048,BOOKING,1475000.0,2026-03-19 22:47:52
TXN142907,CUS00222,ORDER,3438000.0,2026-06-24 22:47:52
TXN249329,CUS00054,BOOKING,604000.0,2026-04-19 22:47:52
TXN813230,CUS00167,BOOKING,1942000.0,2026-04-19 22:47:52
TXN22492,CUS00344,ORDER,3297000.0,2026-04-26 22:47:52
TXN665985,CUS00223,BOOKING,444000.0,2026-05-18 22:47:52
TXN725325,CUS00340,ORDER,349000.0,2026-06-26 22:47:52
TXN216192,CUS00412,BOOKING,1503000.0,2026-04-21 22:47:52
TXN810914,CUS00442,BOOKING,1354000.0,2026-06-26 22:47:52
TXN840566,CUS00436,BOOKING,1464000.0,2026-06-10 22:47:52
TXN797695,CUS00399,BOOKING,1446000.0,2026-07-07 22:47:52
TXN286752,CUS00472,BOOKING,1755000.0,2026-03-03 22:47:52
TXN917607,CUS00388,BOOKING,1289000.0,2026-03-11 22:47:52
TXN96446,CUS00103,BOOKING,435000.0,2026-04-21 22:47:52
TXN304295,CUS00328,BOOKING,493000.0,2026-01-08 22:47:52
TXN64536,CUS00452,ORDER,1895000.0,2026-03-23 22:47:52
TXN513001,CUS00012,ORDER,1082000.0,2026-06-09 22:47:52
TXN238666,CUS00025,BOOKING,488000.0,2026-05-06 22:47:52
TXN856255,CUS00470,ORDER,1036000.0,2026-02-19 22:47:52
TXN748575,CUS00235,ORDER,4186000.0,2026-03-24 22:47:52
TXN598751,CUS00088,BOOKING,515000.0,2026-07-04 22:47:52
TXN396870,CUS00277,BOOKING,973000.0,2026-05-04 22:47:52
TXN107754,CUS00125,ORDER,4039000.0,2026-01-12 22:47:52
TXN992762,CUS00352,BOOKING,906000.0,2026-06-03 22:47:52
TXN993951,CUS00187,ORDER,694000.0,2026-05-06 22:47:52
TXN740911,CUS00008,BOOKING,756000.0,2026-06-26 22:47:52
TXN642572,CUS00045,BOOKING,1511000.0,2026-06-29 22:47:52
TXN8747,CUS00306,BOOKING,705000.0,2026-06-10 22:47:52
TXN465746,CUS00226,ORDER,2119000.0,2026-07-09 22:47:52
TXN186527,CUS00170,BOOKING,1624000.0,2026-06-09 22:47:52
TXN191398,CUS00214,BOOKING,244000.0,2026-06-03 22:47:52
TXN99028,CUS00433,BOOKING,1670000.0,2026-06-13 22:47:52
TXN638889,CUS00350,ORDER,3003000.0,2026-06-30 22:47:52
TXN650148,CUS00407,BOOKING,281000.0,2026-05-28 22:47:52
TXN885870,CUS00169,ORDER,2379000.0,2026-05-17 22:47:52
TXN648525,CUS00284,ORDER,403000.0,2026-04-06 22:47:52
TXN947392,CUS00263,BOOKING,570000.0,2026-06-24 22:47:52
TXN437337,CUS00195,BOOKING,746000.0,2026-03-18 22:47:52
TXN873293,CUS00431,BOOKING,1855000.0,2026-06-17 22:47:52
TXN597600,CUS00116,BOOKING,1321000.0,2026-03-28 22:47:52
TXN433156,CUS00235,BOOKING,378000.0,2026-04-17 22:47:52
TXN51290,CUS00127,ORDER,4896000.0,2026-06-21 22:47:52
TXN921585,CUS00175,ORDER,1856000.0,2026-06-21 22:47:52
TXN724451,CUS00409,BOOKING,1214000.0,2026-05-15 22:47:52
TXN459143,CUS00390,BOOKING,1638000.0,2026-06-05 22:47:52
TXN886397,CUS00098,ORDER,3275000.0,2026-05-21 22:47:52
TXN675305,CUS00175,ORDER,4759000.0,2026-04-21 22:47:52
TXN956900,CUS00424,BOOKING,1367000.0,2026-06-27 22:47:52
TXN258730,CUS00138,BOOKING,1397000.0,2026-06-21 22:47:52
TXN689394,CUS00332,ORDER,251000.0,2026-07-01 22:47:52
TXN382763,CUS00096,BOOKING,1589000.0,2026-06-08 22:47:52
TXN650136,CUS00354,BOOKING,1048000.0,2026-06-28 22:47:52
TXN320679,CUS00038,ORDER,4343000.0,2026-07-06 22:47:52
TXN733176,CUS00297,ORDER,3618000.0,2026-06-07 22:47:52
TXN891186,CUS00282,ORDER,4814000.0,2026-04-01 22:47:52
TXN523831,CUS00229,BOOKING,1159000.0,2026-07-03 22:47:52
TXN97452,CUS00137,ORDER,309000.0,2026-07-09 22:47:52
TXN433185,CUS00394,BOOKING,678000.0,2026-05-17 22:47:52
TXN240134,CUS00475,ORDER,1480000.0,2026-05-12 22:47:52
TXN502232,CUS00365,BOOKING,1091000.0,2026-06-29 22:47:52
TXN713389,CUS00181,BOOKING,309000.0,2026-05-20 22:47:52
TXN931060,CUS00120,BOOKING,1623000.0,2026-01-13 22:47:52
TXN800569,CUS00059,ORDER,759000.0,2026-06-14 22:47:52
TXN753647,CUS00327,ORDER,2203000.0,2026-04-10 22:47:52
TXN785276,CUS00224,BOOKING,608000.0,2026-04-04 22:47:52
TXN756336,CUS00078,ORDER,3515000.0,2026-06-17 22:47:52
TXN699952,CUS00451,BOOKING,1766000.0,2026-07-06 22:47:52
TXN315486,CUS00320,ORDER,3143000.0,2026-05-09 22:47:52
TXN205545,CUS00412,ORDER,4779000.0,2026-06-25 22:47:52
TXN758071,CUS00020,ORDER,776000.0,2026-06-12 22:47:52
TXN548425,CUS00089,BOOKING,481000.0,2026-06-12 22:47:52
TXN553447,CUS00049,BOOKING,1190000.0,2026-06-02 22:47:52
TXN204117,CUS00063,BOOKING,1085000.0,2026-06-25 22:47:52
TXN34115,CUS00226,ORDER,3626000.0,2026-05-03 22:47:52
TXN927693,CUS00220,BOOKING,1542000.0,2026-06-23 22:47:52
TXN589999,CUS00294,BOOKING,698000.0,2026-05-29 22:47:52
TXN801841,CUS00092,BOOKING,738000.0,2026-04-18 22:47:52
TXN741092,CUS00273,BOOKING,1466000.0,2026-07-01 22:47:52
TXN830174,CUS00486,BOOKING,1874000.0,2026-03-19 22:47:52
TXN261542,CUS00358,BOOKING,1549000.0,2026-07-05 22:47:52
TXN62189,CUS00275,ORDER,3183000.0,2026-06-05 22:47:52
TXN17590,CUS00058,ORDER,2277000.0,2026-05-10 22:47:52
TXN806989,CUS00468,BOOKING,270000.0,2026-05-19 22:47:52
TXN793621,CUS00396,ORDER,3781000.0,2026-04-05 22:47:52
TXN27164,CUS00071,BOOKING,1650000.0,2026-06-23 22:47:52
TXN851595,CUS00252,BOOKING,465000.0,2025-09-11 22:47:52
TXN679897,CUS00003,BOOKING,1623000.0,2026-06-18 22:47:52
TXN484720,CUS00229,ORDER,2411000.0,2026-06-23 22:47:52
TXN52068,CUS00231,BOOKING,636000.0,2026-03-20 22:47:52
TXN158639,CUS00325,BOOKING,1541000.0,2026-02-19 22:47:52
TXN270699,CUS00166,ORDER,2866000.0,2026-05-29 22:47:52
TXN107122,CUS00161,BOOKING,881000.0,2026-03-12 22:47:52
TXN923536,CUS00243,ORDER,3555000.0,2025-12-15 22:47:52
TXN315457,CUS00101,BOOKING,700000.0,2025-12-21 22:47:52
TXN985669,CUS00004,ORDER,697000.0,2026-06-02 22:47:52
TXN169439,CUS00215,ORDER,2368000.0,2026-05-28 22:47:52
TXN102143,CUS00062,ORDER,2309000.0,2026-05-21 22:47:52
TXN570712,CUS00375,BOOKING,476000.0,2026-06-20 22:47:52
TXN52033,CUS00298,ORDER,3026000.0,2026-04-18 22:47:52
TXN598345,CUS00080,BOOKING,1294000.0,2026-07-09 22:47:52
TXN707115,CUS00218,ORDER,4713000.0,2026-04-07 22:47:52
TXN699319,CUS00435,ORDER,4291000.0,2026-07-04 22:47:52
TXN550929,CUS00032,BOOKING,634000.0,2026-06-05 22:47:52
TXN551584,CUS00270,BOOKING,846000.0,2026-05-11 22:47:52
TXN746042,CUS00260,BOOKING,985000.0,2026-05-10 22:47:52
TXN587583,CUS00239,ORDER,1791000.0,2026-02-24 22:47:52
TXN283019,CUS00173,ORDER,3397000.0,2026-03-16 22:47:52
TXN575651,CUS00067,ORDER,4992000.0,2026-06-05 22:47:52
TXN213895,CUS00072,BOOKING,1565000.0,2026-06-14 22:47:52
TXN617163,CUS00235,ORDER,1842000.0,2026-06-19 22:47:52
TXN903947,CUS00191,ORDER,1712000.0,2026-04-04 22:47:52
TXN532176,CUS00159,BOOKING,634000.0,2026-05-19 22:47:52
TXN611863,CUS00099,ORDER,2430000.0,2026-04-05 22:47:52
TXN643268,CUS00239,BOOKING,868000.0,2026-06-24 22:47:52
TXN121812,CUS00451,ORDER,881000.0,2026-05-31 22:47:52
TXN393867,CUS00181,ORDER,3538000.0,2026-06-21 22:47:52
TXN264914,CUS00209,BOOKING,1582000.0,2026-06-11 22:47:52
TXN422831,CUS00444,BOOKING,573000.0,2026-03-16 22:47:52
TXN124611,CUS00062,BOOKING,1767000.0,2026-06-18 22:47:52
TXN52658,CUS00132,BOOKING,1320000.0,2026-05-03 22:47:52
TXN674003,CUS00350,ORDER,450000.0,2026-06-22 22:47:52
TXN768508,CUS00452,BOOKING,1364000.0,2026-04-26 22:47:52
TXN418319,CUS00473,ORDER,1078000.0,2026-02-13 22:47:52
TXN238231,CUS00410,BOOKING,565000.0,2026-07-04 22:47:52
TXN181034,CUS00367,BOOKING,488000.0,2026-06-26 22:47:52
TXN862937,CUS00160,ORDER,1312000.0,2026-02-03 22:47:52
TXN888731,CUS00044,BOOKING,1426000.0,2026-02-11 22:47:52
TXN549241,CUS00242,BOOKING,1108000.0,2026-06-04 22:47:52
TXN559291,CUS00364,BOOKING,627000.0,2026-07-05 22:47:52
TXN243371,CUS00227,ORDER,4250000.0,2026-05-11 22:47:52
TXN285653,CUS00106,BOOKING,487000.0,2026-04-21 22:47:52
TXN595612,CUS00142,ORDER,1025000.0,2026-06-26 22:47:52
TXN810246,CUS00470,BOOKING,1805000.0,2026-05-28 22:47:52
TXN303657,CUS00313,BOOKING,506000.0,2026-04-22 22:47:52
TXN722663,CUS00205,BOOKING,1370000.0,2026-06-26 22:47:52
TXN873907,CUS00150,BOOKING,388000.0,2026-04-26 22:47:52
TXN755252,CUS00462,BOOKING,1286000.0,2026-04-08 22:47:52
TXN839981,CUS00342,BOOKING,1679000.0,2026-06-19 22:47:52
TXN137547,CUS00421,BOOKING,1100000.0,2026-07-06 22:47:52
TXN908757,CUS00310,ORDER,3910000.0,2026-04-12 22:47:52
TXN493382,CUS00185,ORDER,2167000.0,2026-05-31 22:47:52
TXN71079,CUS00259,BOOKING,502000.0,2026-07-01 22:47:52
TXN402779,CUS00075,ORDER,4904000.0,2026-06-11 22:47:52
TXN222732,CUS00115,BOOKING,465000.0,2026-05-07 22:47:52
TXN707660,CUS00137,ORDER,3804000.0,2026-06-02 22:47:52
TXN802273,CUS00134,BOOKING,866000.0,2025-12-04 22:47:52
TXN672215,CUS00128,BOOKING,1051000.0,2026-06-27 22:47:52
TXN485925,CUS00456,ORDER,692000.0,2026-06-28 22:47:52
TXN25974,CUS00031,BOOKING,1550000.0,2026-06-21 22:47:52
TXN528239,CUS00065,BOOKING,1677000.0,2026-05-12 22:47:52
TXN814768,CUS00174,ORDER,4959000.0,2026-06-21 22:47:52
TXN338167,CUS00276,ORDER,3762000.0,2026-03-24 22:47:52
TXN471644,CUS00314,BOOKING,963000.0,2026-05-07 22:47:52
TXN971299,CUS00436,BOOKING,754000.0,2026-06-21 22:47:52
TXN539090,CUS00376,BOOKING,407000.0,2026-03-28 22:47:52
TXN766891,CUS00486,BOOKING,1003000.0,2026-05-18 22:47:52
TXN742353,CUS00297,BOOKING,524000.0,2026-06-30 22:47:52
TXN322432,CUS00421,BOOKING,1767000.0,2026-03-29 22:47:52
TXN848380,CUS00019,BOOKING,1262000.0,2026-05-15 22:47:52
TXN995899,CUS00337,BOOKING,1343000.0,2026-06-09 22:47:52
TXN574345,CUS00198,BOOKING,746000.0,2026-06-27 22:47:52
TXN318,CUS00146,ORDER,797000.0,2026-03-31 22:47:52
TXN177100,CUS00076,BOOKING,1404000.0,2026-05-24 22:47:52
TXN905065,CUS00271,ORDER,4202000.0,2026-06-16 22:47:52
TXN986907,CUS00027,ORDER,2512000.0,2026-06-28 22:47:52
TXN66533,CUS00245,BOOKING,1354000.0,2026-01-20 22:47:52
TXN671800,CUS00162,BOOKING,267000.0,2026-04-23 22:47:52
TXN152708,CUS00260,BOOKING,669000.0,2026-05-31 22:47:52
TXN955920,CUS00246,ORDER,1691000.0,2026-04-12 22:47:52
TXN773292,CUS00293,BOOKING,671000.0,2026-07-09 22:47:52
TXN124555,CUS00368,BOOKING,1691000.0,2026-04-27 22:47:52
TXN596816,CUS00480,ORDER,3663000.0,2026-07-06 22:47:52
TXN912205,CUS00065,BOOKING,1277000.0,2026-03-23 22:47:52
TXN87282,CUS00406,BOOKING,792000.0,2026-05-05 22:47:52
TXN770522,CUS00025,ORDER,1085000.0,2026-06-16 22:47:52
TXN632491,CUS00375,BOOKING,820000.0,2026-06-24 22:47:52
TXN96607,CUS00232,ORDER,121000.0,2026-06-17 22:47:52
TXN443646,CUS00270,ORDER,851000.0,2026-06-01 22:47:52
TXN468909,CUS00388,BOOKING,1144000.0,2026-06-22 22:47:52
TXN203358,CUS00160,ORDER,1697000.0,2026-06-02 22:47:52
TXN404710,CUS00277,BOOKING,640000.0,2026-03-15 22:47:52
TXN452496,CUS00357,ORDER,1190000.0,2026-04-12 22:47:52
TXN552367,CUS00153,ORDER,1817000.0,2026-06-02 22:47:52
TXN266731,CUS00322,BOOKING,1313000.0,2026-07-03 22:47:52
TXN587678,CUS00022,BOOKING,1443000.0,2026-04-24 22:47:52
TXN667296,CUS00005,ORDER,4315000.0,2026-03-19 22:47:52
TXN774362,CUS00371,ORDER,2893000.0,2026-06-09 22:47:52
TXN494485,CUS00034,BOOKING,1483000.0,2026-06-13 22:47:52
TXN106327,CUS00438,ORDER,2776000.0,2026-07-08 22:47:52
TXN231939,CUS00034,BOOKING,1574000.0,2026-05-10 22:47:52
TXN220742,CUS00361,BOOKING,430000.0,2026-05-22 22:47:52
TXN81411,CUS00117,BOOKING,1163000.0,2026-06-05 22:47:52
TXN52950,CUS00490,ORDER,2124000.0,2026-05-23 22:47:52
TXN419456,CUS00100,BOOKING,258000.0,2026-06-27 22:47:52
TXN416166,CUS00047,ORDER,508000.0,2025-12-10 22:47:52
TXN227425,CUS00190,ORDER,620000.0,2026-06-07 22:47:52
TXN849976,CUS00258,ORDER,2063000.0,2026-06-25 22:47:52
TXN177567,CUS00132,ORDER,2312000.0,2026-06-23 22:47:52
TXN840166,CUS00450,ORDER,118000.0,2026-05-19 22:47:52
TXN415494,CUS00160,BOOKING,457000.0,2026-05-14 22:47:52
TXN571499,CUS00121,ORDER,3051000.0,2026-07-01 22:47:52
TXN168422,CUS00311,ORDER,3976000.0,2025-12-03 22:47:52
TXN368146,CUS00125,BOOKING,717000.0,2026-05-26 22:47:52
TXN918292,CUS00377,ORDER,2492000.0,2026-05-17 22:47:52
TXN389002,CUS00074,BOOKING,748000.0,2025-12-11 22:47:52
TXN713932,CUS00039,ORDER,1761000.0,2026-05-29 22:47:52
TXN378727,CUS00033,BOOKING,1463000.0,2026-05-06 22:47:52
TXN637327,CUS00438,BOOKING,1117000.0,2026-07-03 22:47:52
TXN264441,CUS00189,ORDER,3238000.0,2026-04-20 22:47:52
TXN58674,CUS00054,ORDER,3768000.0,2026-05-02 22:47:52
TXN437645,CUS00178,ORDER,1828000.0,2026-04-30 22:47:52
TXN387027,CUS00095,BOOKING,1722000.0,2026-05-24 22:47:52
TXN911018,CUS00450,ORDER,4603000.0,2026-03-28 22:47:52
TXN151988,CUS00121,ORDER,1583000.0,2026-05-02 22:47:52
TXN368090,CUS00151,BOOKING,1050000.0,2026-01-16 22:47:52
TXN718416,CUS00303,ORDER,3145000.0,2026-04-19 22:47:52
TXN908037,CUS00080,BOOKING,1061000.0,2026-04-19 22:47:52
TXN508805,CUS00000,BOOKING,1265000.0,2026-06-29 22:47:52
TXN759500,CUS00399,BOOKING,1092000.0,2026-01-09 22:47:52
TXN757896,CUS00454,BOOKING,1295000.0,2026-07-01 22:47:52
TXN278415,CUS00394,BOOKING,1670000.0,2026-05-07 22:47:52
TXN584430,CUS00133,BOOKING,225000.0,2026-06-13 22:47:52
TXN8930,CUS00223,BOOKING,1853000.0,2026-06-17 22:47:52
TXN282652,CUS00361,ORDER,974000.0,2026-07-03 22:47:52
TXN547387,CUS00383,ORDER,1238000.0,2026-06-23 22:47:52
TXN614166,CUS00242,ORDER,263000.0,2026-07-02 22:47:52
TXN869643,CUS00478,BOOKING,1486000.0,2026-06-14 22:47:52
TXN170504,CUS00262,ORDER,4295000.0,2026-06-09 22:47:52
TXN929931,CUS00495,BOOKING,1255000.0,2026-06-03 22:47:52
TXN947645,CUS00014,ORDER,4016000.0,2026-06-07 22:47:52
TXN867073,CUS00427,ORDER,484000.0,2026-07-08 22:47:52
TXN703518,CUS00433,BOOKING,701000.0,2026-01-03 22:47:52
TXN552068,CUS00308,BOOKING,759000.0,2026-06-19 22:47:52
TXN909641,CUS00254,ORDER,1053000.0,2026-06-21 22:47:52
TXN649018,CUS00420,BOOKING,1136000.0,2026-03-17 22:47:52
TXN442147,CUS00253,BOOKING,1368000.0,2026-06-13 22:47:52
TXN63942,CUS00489,BOOKING,1248000.0,2026-06-16 22:47:52
TXN248513,CUS00219,BOOKING,330000.0,2026-06-30 22:47:52
TXN183301,CUS00012,BOOKING,618000.0,2026-01-27 22:47:52
TXN161082,CUS00088,BOOKING,1670000.0,2026-05-25 22:47:52
TXN593858,CUS00153,BOOKING,1780000.0,2026-02-02 22:47:52
TXN668494,CUS00093,ORDER,4576000.0,2026-07-01 22:47:52
TXN644309,CUS00267,BOOKING,1553000.0,2026-06-19 22:47:52
TXN263799,CUS00020,ORDER,110000.0,2026-01-28 22:47:52
TXN491936,CUS00319,ORDER,4426000.0,2026-03-27 22:47:52
TXN516383,CUS00180,BOOKING,554000.0,2026-05-10 22:47:52
TXN937941,CUS00263,BOOKING,1870000.0,2026-06-20 22:47:52
TXN975052,CUS00439,ORDER,4160000.0,2026-06-28 22:47:52
TXN722991,CUS00347,BOOKING,270000.0,2026-03-21 22:47:52
TXN187487,CUS00203,BOOKING,497000.0,2026-07-05 22:47:52
TXN750280,CUS00005,ORDER,1460000.0,2025-12-04 22:47:52
TXN129850,CUS00369,BOOKING,307000.0,2026-07-08 22:47:52
TXN665531,CUS00403,BOOKING,841000.0,2026-07-03 22:47:52
TXN78090,CUS00000,BOOKING,1463000.0,2026-05-28 22:47:52
TXN737142,CUS00271,BOOKING,1486000.0,2026-05-30 22:47:52
TXN836748,CUS00485,BOOKING,1439000.0,2026-05-18 22:47:52
TXN874696,CUS00329,BOOKING,662000.0,2026-07-05 22:47:52
TXN378099,CUS00368,BOOKING,1295000.0,2026-06-14 22:47:52
TXN864129,CUS00315,BOOKING,1155000.0,2026-06-29 22:47:52
TXN926201,CUS00430,BOOKING,419000.0,2026-06-17 22:47:52
TXN605236,CUS00467,BOOKING,494000.0,2026-06-08 22:47:52
TXN302767,CUS00330,ORDER,1649000.0,2026-06-29 22:47:52
TXN208054,CUS00084,BOOKING,808000.0,2026-06-04 22:47:52
TXN727066,CUS00355,BOOKING,896000.0,2026-06-28 22:47:52
TXN470630,CUS00390,BOOKING,651000.0,2026-05-13 22:47:52
TXN725211,CUS00075,BOOKING,1304000.0,2026-06-11 22:47:52
TXN19164,CUS00451,BOOKING,1572000.0,2026-06-07 22:47:52
TXN616456,CUS00283,BOOKING,835000.0,2026-03-30 22:47:52
TXN316861,CUS00333,BOOKING,695000.0,2026-03-26 22:47:52
TXN466153,CUS00180,BOOKING,783000.0,2026-05-23 22:47:52
TXN491913,CUS00411,BOOKING,1606000.0,2026-07-03 22:47:52
TXN617651,CUS00491,BOOKING,402000.0,2026-06-19 22:47:52
TXN251388,CUS00032,ORDER,4887000.0,2026-06-11 22:47:52
TXN591946,CUS00461,BOOKING,629000.0,2026-07-01 22:47:52
TXN966975,CUS00267,ORDER,3818000.0,2026-05-21 22:47:52
TXN379930,CUS00304,BOOKING,935000.0,2026-04-28 22:47:52
TXN178258,CUS00295,BOOKING,1047000.0,2026-05-21 22:47:52
TXN712749,CUS00464,BOOKING,1806000.0,2026-05-10 22:47:52
TXN765804,CUS00339,ORDER,4361000.0,2026-06-07 22:47:52
TXN791999,CUS00485,ORDER,2267000.0,2026-06-04 22:47:52
TXN878408,CUS00300,ORDER,2687000.0,2026-07-04 22:47:52
TXN128421,CUS00368,ORDER,3567000.0,2025-12-27 22:47:52
TXN269700,CUS00205,ORDER,1871000.0,2026-06-27 22:47:52
TXN227363,CUS00480,BOOKING,1208000.0,2026-03-24 22:47:52
TXN589306,CUS00071,BOOKING,1431000.0,2026-06-18 22:47:52
TXN43806,CUS00309,BOOKING,1585000.0,2026-06-11 22:47:52
TXN247946,CUS00332,BOOKING,1352000.0,2026-03-07 22:47:52
TXN770170,CUS00104,BOOKING,1048000.0,2026-03-12 22:47:52
TXN520642,CUS00386,BOOKING,820000.0,2026-06-16 22:47:52
TXN313763,CUS00380,BOOKING,1337000.0,2026-02-09 22:47:52
TXN283992,CUS00378,BOOKING,1937000.0,2026-02-21 22:47:52
TXN438745,CUS00156,BOOKING,552000.0,2026-06-06 22:47:52
TXN808903,CUS00042,BOOKING,795000.0,2026-05-10 22:47:52
TXN762944,CUS00175,ORDER,4950000.0,2026-06-24 22:47:52
TXN259539,CUS00298,BOOKING,1962000.0,2025-10-08 22:47:52
TXN832786,CUS00355,BOOKING,1884000.0,2026-04-02 22:47:52
TXN591347,CUS00155,BOOKING,1153000.0,2026-01-11 22:47:52
TXN194955,CUS00227,ORDER,3229000.0,2025-11-07 22:47:52
TXN762998,CUS00083,BOOKING,1796000.0,2026-05-25 22:47:52
TXN9708,CUS00150,BOOKING,689000.0,2025-12-15 22:47:52
TXN45083,CUS00388,ORDER,687000.0,2026-04-20 22:47:52
TXN226645,CUS00061,BOOKING,947000.0,2026-02-24 22:47:52
TXN820988,CUS00324,BOOKING,1232000.0,2026-04-27 22:47:52
TXN746914,CUS00366,BOOKING,986000.0,2026-05-30 22:47:52
TXN729524,CUS00095,ORDER,4546000.0,2026-05-01 22:47:52
TXN349580,CUS00353,ORDER,4840000.0,2026-06-26 22:47:52
TXN987267,CUS00144,BOOKING,1054000.0,2026-06-25 22:47:52
TXN126234,CUS00250,ORDER,2913000.0,2026-05-04 22:47:52
TXN255964,CUS00436,BOOKING,837000.0,2026-05-19 22:47:52
TXN988966,CUS00166,ORDER,914000.0,2026-06-20 22:47:52
TXN492502,CUS00258,ORDER,490000.0,2026-04-14 22:47:52
TXN376275,CUS00260,BOOKING,1771000.0,2026-07-03 22:47:52
TXN888536,CUS00354,BOOKING,993000.0,2026-06-01 22:47:52
TXN27577,CUS00364,ORDER,1624000.0,2026-04-27 22:47:52
TXN21369,CUS00167,ORDER,1465000.0,2026-07-09 22:47:52
TXN35458,CUS00027,ORDER,1217000.0,2026-06-14 22:47:52
TXN733700,CUS00032,BOOKING,240000.0,2026-06-15 22:47:52
TXN466834,CUS00141,ORDER,833000.0,2026-06-16 22:47:52
TXN717730,CUS00301,BOOKING,669000.0,2026-01-13 22:47:52
TXN507534,CUS00175,BOOKING,203000.0,2026-06-08 22:47:52
TXN899486,CUS00103,ORDER,4875000.0,2026-05-31 22:47:52
TXN250104,CUS00450,ORDER,3248000.0,2026-05-21 22:47:52
TXN178583,CUS00413,BOOKING,1291000.0,2026-06-03 22:47:52
TXN283998,CUS00414,ORDER,1002000.0,2026-02-05 22:47:52
TXN724295,CUS00211,BOOKING,303000.0,2025-12-25 22:47:52
TXN38108,CUS00409,BOOKING,365000.0,2026-06-17 22:47:52
TXN18329,CUS00083,BOOKING,1909000.0,2026-06-28 22:47:52
TXN437884,CUS00150,ORDER,3280000.0,2026-01-21 22:47:52
TXN554366,CUS00321,BOOKING,1934000.0,2026-05-30 22:47:52
TXN517889,CUS00093,BOOKING,1258000.0,2026-04-30 22:47:52
TXN193813,CUS00299,BOOKING,1731000.0,2026-02-16 22:47:52
TXN648556,CUS00056,BOOKING,956000.0,2026-02-06 22:47:52
TXN220464,CUS00395,ORDER,2481000.0,2026-05-07 22:47:52
TXN224318,CUS00028,ORDER,4322000.0,2026-01-26 22:47:52
TXN486122,CUS00171,BOOKING,1347000.0,2026-06-08 22:47:52
TXN978075,CUS00089,BOOKING,825000.0,2026-07-07 22:47:52
TXN807248,CUS00322,BOOKING,1751000.0,2026-07-04 22:47:52
TXN169228,CUS00192,ORDER,1121000.0,2026-03-18 22:47:52
TXN189389,CUS00258,BOOKING,665000.0,2026-02-23 22:47:52
TXN711012,CUS00153,ORDER,2989000.0,2026-06-26 22:47:52
TXN655728,CUS00040,BOOKING,1912000.0,2026-05-24 22:47:52
TXN218612,CUS00065,BOOKING,697000.0,2026-04-03 22:47:52
TXN572416,CUS00373,ORDER,1314000.0,2025-12-05 22:47:52
TXN714554,CUS00334,BOOKING,1743000.0,2026-05-13 22:47:52
TXN333536,CUS00230,ORDER,2687000.0,2026-04-28 22:47:52
TXN822123,CUS00346,BOOKING,1728000.0,2026-03-24 22:47:52
TXN182487,CUS00052,ORDER,2080000.0,2026-03-19 22:47:52
TXN482068,CUS00416,BOOKING,1312000.0,2026-06-30 22:47:52
TXN227978,CUS00409,BOOKING,1770000.0,2026-07-01 22:47:52
TXN894353,CUS00074,BOOKING,333000.0,2026-07-07 22:47:52
TXN892619,CUS00223,BOOKING,1093000.0,2026-05-15 22:47:52
TXN743721,CUS00278,ORDER,3297000.0,2026-06-16 22:47:52
TXN696374,CUS00325,BOOKING,255000.0,2026-05-17 22:47:52
TXN411731,CUS00209,ORDER,4389000.0,2026-05-09 22:47:52
TXN407160,CUS00132,BOOKING,1813000.0,2026-04-15 22:47:52
TXN668344,CUS00391,BOOKING,1134000.0,2026-06-08 22:47:52
TXN460296,CUS00230,ORDER,798000.0,2026-06-12 22:47:52
TXN224546,CUS00093,BOOKING,816000.0,2026-05-28 22:47:52
TXN487972,CUS00109,ORDER,3609000.0,2026-05-08 22:47:52
TXN747481,CUS00337,BOOKING,1537000.0,2026-07-02 22:47:52
TXN132279,CUS00240,BOOKING,1168000.0,2026-05-28 22:47:52
TXN974193,CUS00149,BOOKING,473000.0,2026-06-01 22:47:52
TXN290697,CUS00367,BOOKING,1654000.0,2026-06-25 22:47:52
TXN156352,CUS00305,ORDER,260000.0,2026-03-09 22:47:52
TXN314265,CUS00192,BOOKING,320000.0,2026-07-04 22:47:52
TXN943255,CUS00032,ORDER,1348000.0,2026-04-17 22:47:52
TXN891820,CUS00206,ORDER,4041000.0,2026-02-26 22:47:52
TXN580082,CUS00105,BOOKING,863000.0,2026-05-21 22:47:52
TXN875543,CUS00388,ORDER,1295000.0,2026-06-29 22:47:52
TXN301514,CUS00136,BOOKING,1627000.0,2026-06-28 22:47:52
TXN694105,CUS00470,ORDER,839000.0,2026-05-07 22:47:52
TXN63876,CUS00060,ORDER,1675000.0,2026-04-29 22:47:52
TXN153675,CUS00191,BOOKING,1986000.0,2026-04-03 22:47:52
TXN233867,CUS00480,ORDER,3614000.0,2026-05-30 22:47:52
TXN375953,CUS00084,ORDER,4828000.0,2026-05-09 22:47:52
TXN55061,CUS00307,BOOKING,433000.0,2026-06-15 22:47:52
TXN847356,CUS00257,ORDER,2392000.0,2026-06-22 22:47:52
TXN194996,CUS00287,BOOKING,603000.0,2026-06-10 22:47:52
TXN41021,CUS00491,BOOKING,1015000.0,2026-06-23 22:47:52
TXN12115,CUS00301,BOOKING,214000.0,2026-06-01 22:47:52
TXN730667,CUS00013,BOOKING,663000.0,2026-07-04 22:47:52
TXN524799,CUS00347,BOOKING,593000.0,2026-06-03 22:47:52
TXN196141,CUS00018,BOOKING,1426000.0,2026-07-09 22:47:52
TXN450449,CUS00362,BOOKING,754000.0,2026-05-05 22:47:52
TXN351577,CUS00237,BOOKING,1948000.0,2026-05-24 22:47:52
TXN639125,CUS00189,BOOKING,214000.0,2026-05-31 22:47:52
TXN315352,CUS00260,ORDER,656000.0,2026-06-21 22:47:52
TXN635181,CUS00152,BOOKING,300000.0,2026-04-02 22:47:52
TXN759682,CUS00469,ORDER,3698000.0,2026-05-22 22:47:52
TXN493549,CUS00264,ORDER,3080000.0,2026-06-28 22:47:52
TXN33950,CUS00272,ORDER,2000000.0,2026-07-07 22:47:52
TXN768091,CUS00417,BOOKING,1270000.0,2026-06-01 22:47:52
TXN520412,CUS00254,BOOKING,1539000.0,2026-05-14 22:47:52
TXN22849,CUS00481,ORDER,2640000.0,2026-06-16 22:47:52
TXN902700,CUS00224,ORDER,1395000.0,2026-04-22 22:47:52
TXN397303,CUS00254,BOOKING,825000.0,2026-06-17 22:47:52
TXN558188,CUS00116,BOOKING,1701000.0,2026-05-07 22:47:52
TXN215709,CUS00257,BOOKING,1834000.0,2026-07-02 22:47:52
TXN135821,CUS00020,BOOKING,853000.0,2026-04-02 22:47:52
TXN4842,CUS00162,BOOKING,368000.0,2025-12-27 22:47:52
TXN429916,CUS00200,ORDER,3846000.0,2026-07-06 22:47:52
TXN450100,CUS00244,BOOKING,563000.0,2026-05-28 22:47:52
TXN560260,CUS00233,BOOKING,878000.0,2026-05-26 22:47:52
TXN130769,CUS00373,ORDER,349000.0,2026-06-28 22:47:52
TXN989876,CUS00016,BOOKING,474000.0,2026-02-18 22:47:52
TXN616536,CUS00493,ORDER,4487000.0,2026-06-03 22:47:52
TXN764435,CUS00356,ORDER,355000.0,2025-11-01 22:47:52
TXN574918,CUS00217,ORDER,4833000.0,2026-06-14 22:47:52
TXN55963,CUS00163,BOOKING,420000.0,2026-03-29 22:47:52
TXN440450,CUS00313,BOOKING,1149000.0,2026-06-11 22:47:52
TXN649395,CUS00098,ORDER,1393000.0,2026-06-26 22:47:52
TXN338176,CUS00291,BOOKING,1251000.0,2026-05-19 22:47:52
TXN453039,CUS00384,BOOKING,1815000.0,2026-06-23 22:47:52
TXN580707,CUS00120,BOOKING,1133000.0,2026-07-04 22:47:52
TXN644330,CUS00002,BOOKING,1395000.0,2026-03-03 22:47:52
TXN118531,CUS00191,BOOKING,1775000.0,2026-06-27 22:47:52
TXN144827,CUS00324,BOOKING,1995000.0,2026-06-15 22:47:52
TXN186449,CUS00223,BOOKING,1341000.0,2026-07-04 22:47:52
TXN445389,CUS00180,BOOKING,1611000.0,2026-05-29 22:47:52
TXN168299,CUS00331,BOOKING,760000.0,2026-07-06 22:47:52
TXN693738,CUS00287,ORDER,3587000.0,2026-05-28 22:47:52
TXN455903,CUS00412,BOOKING,1486000.0,2026-06-18 22:47:52
TXN326057,CUS00250,BOOKING,1236000.0,2026-05-30 22:47:52
TXN256222,CUS00315,ORDER,4128000.0,2026-06-03 22:47:52
TXN35864,CUS00137,BOOKING,929000.0,2026-04-05 22:47:52
TXN809880,CUS00114,ORDER,1857000.0,2026-06-20 22:47:52
TXN954406,CUS00467,ORDER,3462000.0,2026-05-25 22:47:52
TXN57441,CUS00201,BOOKING,916000.0,2026-05-21 22:47:52
TXN303137,CUS00406,BOOKING,1643000.0,2026-05-07 22:47:52
TXN750279,CUS00425,ORDER,4382000.0,2026-04-03 22:47:52
TXN567741,CUS00331,ORDER,3609000.0,2026-03-31 22:47:52
TXN411643,CUS00051,ORDER,347000.0,2026-04-30 22:47:52
TXN131863,CUS00244,ORDER,622000.0,2026-05-21 22:47:52
TXN140109,CUS00011,BOOKING,1704000.0,2026-06-21 22:47:52
TXN363084,CUS00086,BOOKING,1080000.0,2026-03-06 22:47:52
TXN418078,CUS00336,BOOKING,816000.0,2026-05-12 22:47:52
TXN333021,CUS00165,ORDER,158000.0,2026-05-18 22:47:52
TXN420325,CUS00088,ORDER,3296000.0,2026-07-04 22:47:52
TXN525408,CUS00311,BOOKING,211000.0,2026-05-14 22:47:52
TXN971339,CUS00389,ORDER,1051000.0,2026-03-29 22:47:52
TXN563706,CUS00351,BOOKING,1629000.0,2026-06-28 22:47:52
TXN888194,CUS00086,ORDER,3295000.0,2026-04-01 22:47:52
TXN512066,CUS00452,BOOKING,766000.0,2026-03-02 22:47:52
TXN374451,CUS00213,BOOKING,448000.0,2026-07-09 22:47:52
TXN292328,CUS00190,BOOKING,1035000.0,2026-06-28 22:47:52
TXN125128,CUS00426,ORDER,308000.0,2026-01-13 22:47:52
TXN572530,CUS00164,BOOKING,497000.0,2026-07-01 22:47:52
TXN234528,CUS00377,BOOKING,515000.0,2026-05-18 22:47:52
TXN289573,CUS00157,BOOKING,450000.0,2026-06-13 22:47:52
TXN25924,CUS00471,ORDER,320000.0,2026-05-29 22:47:52
TXN287468,CUS00397,ORDER,3044000.0,2026-07-01 22:47:52
TXN825219,CUS00251,ORDER,3663000.0,2025-09-13 22:47:52
TXN998157,CUS00272,BOOKING,540000.0,2026-07-01 22:47:52
TXN530497,CUS00086,BOOKING,1778000.0,2026-06-09 22:47:52
TXN847879,CUS00070,ORDER,207000.0,2026-04-02 22:47:52
TXN590305,CUS00354,ORDER,4108000.0,2026-05-01 22:47:52
TXN308865,CUS00128,BOOKING,1699000.0,2026-06-26 22:47:52
TXN118119,CUS00294,ORDER,2803000.0,2026-05-01 22:47:52
TXN311746,CUS00262,BOOKING,418000.0,2026-04-28 22:47:52
TXN876689,CUS00217,ORDER,1230000.0,2026-07-07 22:47:52
TXN291670,CUS00425,BOOKING,1350000.0,2026-05-22 22:47:52
TXN793616,CUS00444,BOOKING,267000.0,2026-03-24 22:47:52
TXN888901,CUS00030,BOOKING,1005000.0,2026-04-26 22:47:52
TXN114445,CUS00017,ORDER,3826000.0,2025-10-15 22:47:52
TXN275140,CUS00051,ORDER,2568000.0,2026-05-12 22:47:52
TXN550683,CUS00038,BOOKING,1336000.0,2026-05-01 22:47:52
TXN240370,CUS00048,BOOKING,1537000.0,2026-06-23 22:47:52
TXN730630,CUS00233,BOOKING,1967000.0,2026-04-01 22:47:52
TXN921702,CUS00061,ORDER,565000.0,2026-07-09 22:47:52
TXN790665,CUS00197,ORDER,2087000.0,2026-07-06 22:47:52
TXN469726,CUS00225,ORDER,1974000.0,2026-05-02 22:47:52
TXN692478,CUS00046,ORDER,424000.0,2026-05-13 22:47:52
TXN394492,CUS00468,BOOKING,545000.0,2026-04-21 22:47:52
TXN839164,CUS00161,BOOKING,1518000.0,2026-06-15 22:47:52
TXN264897,CUS00413,BOOKING,1817000.0,2026-07-04 22:47:52
TXN529155,CUS00192,ORDER,1365000.0,2025-09-15 22:47:52
TXN578297,CUS00106,BOOKING,994000.0,2026-05-12 22:47:52
TXN135307,CUS00073,BOOKING,1400000.0,2026-02-23 22:47:52
TXN122236,CUS00081,BOOKING,964000.0,2026-06-27 22:47:52
TXN80960,CUS00013,ORDER,1256000.0,2026-07-09 22:47:52
TXN799769,CUS00017,ORDER,1249000.0,2026-06-09 22:47:52
TXN426607,CUS00444,BOOKING,287000.0,2026-07-08 22:47:52
TXN521818,CUS00413,BOOKING,674000.0,2026-06-21 22:47:52
TXN787454,CUS00054,BOOKING,569000.0,2026-05-18 22:47:52
TXN807125,CUS00324,ORDER,2822000.0,2026-07-02 22:47:52
TXN703488,CUS00460,BOOKING,1522000.0,2026-03-26 22:47:52
TXN932743,CUS00112,BOOKING,400000.0,2026-06-29 22:47:52
TXN368658,CUS00411,ORDER,2886000.0,2026-06-21 22:47:52
TXN922495,CUS00212,ORDER,3582000.0,2026-06-05 22:47:52
TXN533270,CUS00065,BOOKING,1211000.0,2026-04-22 22:47:52
TXN839155,CUS00260,BOOKING,1986000.0,2026-04-17 22:47:52
TXN954218,CUS00455,BOOKING,1446000.0,2026-05-24 22:47:52
TXN986546,CUS00437,BOOKING,1745000.0,2026-03-13 22:47:52
TXN153385,CUS00180,BOOKING,716000.0,2026-06-13 22:47:52
TXN750151,CUS00325,ORDER,4865000.0,2026-07-09 22:47:52
TXN374048,CUS00483,BOOKING,375000.0,2026-05-30 22:47:52
TXN509116,CUS00362,ORDER,2957000.0,2026-06-13 22:47:52
TXN76055,CUS00498,BOOKING,652000.0,2026-06-23 22:47:52
TXN558733,CUS00225,BOOKING,1675000.0,2026-07-06 22:47:52
TXN417677,CUS00358,BOOKING,704000.0,2026-06-30 22:47:52
TXN590861,CUS00419,ORDER,1566000.0,2026-07-02 22:47:52
TXN862330,CUS00342,ORDER,2066000.0,2026-06-28 22:47:52
TXN785934,CUS00386,BOOKING,441000.0,2026-01-29 22:47:52
TXN845147,CUS00007,BOOKING,1314000.0,2026-05-06 22:47:52
TXN519259,CUS00397,ORDER,788000.0,2026-04-15 22:47:52
TXN842619,CUS00244,BOOKING,1676000.0,2026-05-29 22:47:52
TXN149094,CUS00442,BOOKING,302000.0,2026-05-29 22:47:52
TXN535775,CUS00227,BOOKING,1275000.0,2026-05-26 22:47:52
TXN992799,CUS00029,ORDER,4764000.0,2026-06-10 22:47:52
TXN694544,CUS00406,BOOKING,371000.0,2026-03-15 22:47:52
TXN876273,CUS00133,BOOKING,856000.0,2026-04-12 22:47:52
TXN527769,CUS00405,BOOKING,710000.0,2026-04-02 22:47:52
TXN893291,CUS00408,ORDER,463000.0,2026-05-17 22:47:52
TXN757195,CUS00291,BOOKING,1485000.0,2026-06-03 22:47:52
TXN414402,CUS00092,ORDER,4876000.0,2026-04-16 22:47:52
TXN205461,CUS00397,ORDER,3312000.0,2025-10-28 22:47:52
TXN279555,CUS00348,BOOKING,1648000.0,2026-07-06 22:47:52
TXN192366,CUS00397,BOOKING,1550000.0,2026-05-19 22:47:52
TXN16478,CUS00332,ORDER,4371000.0,2026-03-10 22:47:52
TXN350850,CUS00490,ORDER,464000.0,2026-06-26 22:47:52
TXN33854,CUS00053,BOOKING,354000.0,2026-03-15 22:47:52
TXN973172,CUS00466,ORDER,2652000.0,2026-05-28 22:47:52
TXN825174,CUS00123,BOOKING,1028000.0,2026-05-25 22:47:52
TXN120941,CUS00212,ORDER,3214000.0,2026-06-21 22:47:52
TXN762032,CUS00487,ORDER,2219000.0,2026-04-17 22:47:52
TXN964150,CUS00278,BOOKING,1960000.0,2026-06-14 22:47:52
TXN172885,CUS00291,BOOKING,872000.0,2026-05-13 22:47:52
TXN392374,CUS00094,BOOKING,1780000.0,2026-07-08 22:47:52
TXN304645,CUS00045,ORDER,1373000.0,2026-06-01 22:47:52
TXN267339,CUS00055,BOOKING,1348000.0,2026-02-01 22:47:52
TXN377925,CUS00116,BOOKING,1752000.0,2026-06-11 22:47:52
TXN449463,CUS00264,BOOKING,564000.0,2026-05-19 22:47:52
TXN545674,CUS00194,BOOKING,670000.0,2025-12-18 22:47:52
TXN350811,CUS00491,BOOKING,1714000.0,2026-06-13 22:47:52
TXN990202,CUS00478,ORDER,852000.0,2026-04-29 22:47:52
TXN450810,CUS00260,BOOKING,727000.0,2026-07-07 22:47:52
TXN995444,CUS00215,ORDER,1200000.0,2026-06-11 22:47:52
TXN775756,CUS00143,BOOKING,303000.0,2026-05-30 22:47:52
TXN570260,CUS00129,ORDER,3962000.0,2026-04-01 22:47:52
TXN304250,CUS00039,BOOKING,616000.0,2026-03-29 22:47:52
TXN75537,CUS00270,BOOKING,597000.0,2026-03-11 22:47:52
TXN771879,CUS00436,BOOKING,1877000.0,2026-07-01 22:47:52
TXN616226,CUS00108,ORDER,4640000.0,2026-05-06 22:47:52
TXN349338,CUS00006,ORDER,3291000.0,2026-06-26 22:47:52
TXN933942,CUS00215,BOOKING,612000.0,2026-04-01 22:47:52
TXN955883,CUS00143,ORDER,624000.0,2026-06-10 22:47:52
TXN217994,CUS00271,ORDER,1723000.0,2026-05-11 22:47:52
TXN660942,CUS00018,BOOKING,1349000.0,2026-06-15 22:47:52
TXN951886,CUS00090,ORDER,4455000.0,2026-04-29 22:47:52
TXN518214,CUS00008,BOOKING,1040000.0,2026-06-14 22:47:52
TXN624539,CUS00390,BOOKING,1022000.0,2026-03-19 22:47:52
TXN789125,CUS00380,BOOKING,715000.0,2026-06-09 22:47:52
TXN337739,CUS00009,BOOKING,977000.0,2026-07-07 22:47:52
TXN310776,CUS00371,ORDER,2061000.0,2026-04-11 22:47:52
TXN571176,CUS00426,ORDER,4544000.0,2026-06-26 22:47:52
TXN265359,CUS00082,ORDER,1647000.0,2026-05-14 22:47:52
TXN646588,CUS00385,BOOKING,1521000.0,2026-06-06 22:47:52
TXN767365,CUS00132,ORDER,3775000.0,2026-06-26 22:47:52
TXN592070,CUS00434,ORDER,3498000.0,2025-12-10 22:47:52
TXN150518,CUS00007,ORDER,1738000.0,2026-05-25 22:47:52
TXN406915,CUS00132,BOOKING,704000.0,2026-07-07 22:47:52
TXN369891,CUS00410,BOOKING,1764000.0,2026-06-01 22:47:52
TXN926878,CUS00156,ORDER,683000.0,2026-03-23 22:47:52
TXN717090,CUS00471,BOOKING,1119000.0,2026-06-02 22:47:52
TXN109773,CUS00445,ORDER,424000.0,2026-07-02 22:47:52
TXN935819,CUS00344,ORDER,4471000.0,2026-06-27 22:47:52
TXN428098,CUS00002,ORDER,1868000.0,2026-03-11 22:47:52
TXN47657,CUS00476,ORDER,4892000.0,2025-11-19 22:47:52
TXN422516,CUS00189,BOOKING,1738000.0,2026-05-20 22:47:52
TXN87368,CUS00083,ORDER,4183000.0,2026-03-29 22:47:52
TXN481491,CUS00470,BOOKING,1387000.0,2026-05-17 22:47:52
TXN661368,CUS00010,BOOKING,1068000.0,2026-06-19 22:47:52
TXN946350,CUS00428,BOOKING,789000.0,2026-06-26 22:47:52
TXN735237,CUS00116,BOOKING,1333000.0,2026-06-01 22:47:52
TXN422205,CUS00332,ORDER,4773000.0,2026-06-15 22:47:52
TXN489359,CUS00073,BOOKING,1307000.0,2026-07-04 22:47:52
TXN190578,CUS00407,BOOKING,1720000.0,2026-04-29 22:47:52
TXN146428,CUS00237,BOOKING,882000.0,2026-05-01 22:47:52
TXN628190,CUS00314,BOOKING,1244000.0,2026-07-07 22:47:52
TXN67189,CUS00297,BOOKING,277000.0,2026-05-26 22:47:52
TXN368947,CUS00160,ORDER,390000.0,2026-03-24 22:47:52
TXN209139,CUS00237,ORDER,4644000.0,2026-05-20 22:47:52
TXN834591,CUS00094,BOOKING,810000.0,2025-10-16 22:47:52
TXN444866,CUS00011,ORDER,4576000.0,2026-06-26 22:47:52
TXN972931,CUS00315,BOOKING,1046000.0,2026-06-09 22:47:52
TXN456626,CUS00426,ORDER,961000.0,2026-04-19 22:47:52
TXN124954,CUS00166,ORDER,3362000.0,2026-05-27 22:47:52
TXN77459,CUS00289,BOOKING,830000.0,2026-06-08 22:47:52
TXN154724,CUS00169,BOOKING,590000.0,2026-05-18 22:47:52
TXN247108,CUS00114,ORDER,3689000.0,2026-06-04 22:47:52
TXN271764,CUS00293,BOOKING,1202000.0,2025-11-12 22:47:52
TXN957030,CUS00033,BOOKING,1387000.0,2026-06-17 22:47:52
TXN882833,CUS00099,ORDER,2655000.0,2026-04-22 22:47:52
TXN360621,CUS00324,BOOKING,1593000.0,2026-02-15 22:47:52
TXN772678,CUS00296,BOOKING,1233000.0,2026-07-07 22:47:52
TXN519311,CUS00438,ORDER,3266000.0,2026-06-29 22:47:52
TXN834607,CUS00469,BOOKING,1674000.0,2026-06-23 22:47:52
TXN318972,CUS00339,ORDER,2252000.0,2026-07-07 22:47:52
TXN138062,CUS00383,BOOKING,416000.0,2026-06-05 22:47:52
TXN322929,CUS00498,BOOKING,1775000.0,2026-05-28 22:47:52
TXN892425,CUS00247,BOOKING,763000.0,2026-03-29 22:47:52
TXN167650,CUS00398,BOOKING,1006000.0,2026-06-01 22:47:52
TXN782886,CUS00358,BOOKING,500000.0,2026-05-08 22:47:52
TXN237728,CUS00201,BOOKING,1529000.0,2026-05-06 22:47:52
TXN368957,CUS00151,ORDER,3962000.0,2026-07-09 22:47:52
TXN47569,CUS00367,BOOKING,1775000.0,2026-04-08 22:47:52
TXN708641,CUS00481,ORDER,3443000.0,2026-05-28 22:47:52
TXN179307,CUS00256,ORDER,4385000.0,2026-07-01 22:47:52
TXN887391,CUS00382,ORDER,319000.0,2026-07-06 22:47:52
TXN627435,CUS00134,BOOKING,810000.0,2026-03-20 22:47:52
TXN592418,CUS00259,ORDER,2508000.0,2026-05-02 22:47:52
TXN473923,CUS00067,ORDER,2952000.0,2026-06-14 22:47:52
TXN781386,CUS00392,ORDER,121000.0,2026-07-07 22:47:52
TXN821767,CUS00032,ORDER,4288000.0,2026-07-05 22:47:52
TXN455896,CUS00042,ORDER,2104000.0,2026-06-10 22:47:52
TXN352673,CUS00062,BOOKING,849000.0,2026-06-14 22:47:52
TXN44786,CUS00064,BOOKING,1458000.0,2026-05-21 22:47:52
TXN939983,CUS00122,BOOKING,407000.0,2026-05-05 22:47:52
TXN819798,CUS00123,BOOKING,773000.0,2026-06-28 22:47:52
TXN164208,CUS00395,BOOKING,956000.0,2026-07-04 22:47:52
TXN114931,CUS00498,ORDER,2546000.0,2026-04-24 22:47:52
TXN159878,CUS00377,ORDER,2624000.0,2026-04-07 22:47:52
TXN937936,CUS00073,BOOKING,1801000.0,2026-03-20 22:47:52
TXN723590,CUS00310,ORDER,3468000.0,2026-07-09 22:47:52
TXN863883,CUS00222,BOOKING,1361000.0,2026-06-04 22:47:52
TXN476629,CUS00333,BOOKING,866000.0,2026-04-09 22:47:52
TXN450290,CUS00340,BOOKING,770000.0,2026-06-11 22:47:52
TXN315421,CUS00016,BOOKING,276000.0,2026-02-20 22:47:52
TXN740924,CUS00430,BOOKING,223000.0,2026-03-07 22:47:52
TXN983638,CUS00287,BOOKING,1258000.0,2026-05-11 22:47:52
TXN983727,CUS00213,ORDER,4618000.0,2026-06-14 22:47:52
TXN583721,CUS00430,BOOKING,1245000.0,2026-06-19 22:47:52
TXN300475,CUS00012,BOOKING,534000.0,2026-05-08 22:47:52
TXN588860,CUS00138,ORDER,2065000.0,2026-06-25 22:47:52
TXN950243,CUS00095,BOOKING,1962000.0,2026-04-11 22:47:52
TXN864782,CUS00198,BOOKING,521000.0,2026-05-21 22:47:52
TXN236634,CUS00494,ORDER,1271000.0,2026-04-18 22:47:52
TXN760437,CUS00380,ORDER,1226000.0,2026-03-24 22:47:52
TXN864818,CUS00426,ORDER,443000.0,2026-06-06 22:47:52
TXN744158,CUS00200,ORDER,4555000.0,2026-07-05 22:47:52
TXN586397,CUS00378,BOOKING,1587000.0,2026-06-02 22:47:52
TXN989057,CUS00280,BOOKING,378000.0,2026-06-04 22:47:52
TXN390948,CUS00082,BOOKING,602000.0,2026-06-07 22:47:52
TXN594910,CUS00409,BOOKING,1727000.0,2026-04-12 22:47:52
TXN330587,CUS00105,ORDER,2844000.0,2026-05-23 22:47:52
TXN337706,CUS00418,BOOKING,1991000.0,2026-04-19 22:47:52
TXN379818,CUS00098,BOOKING,684000.0,2026-05-31 22:47:52
TXN442642,CUS00371,BOOKING,1560000.0,2026-04-16 22:47:52
TXN800552,CUS00199,ORDER,2535000.0,2026-07-06 22:47:52
TXN13774,CUS00372,BOOKING,542000.0,2026-06-23 22:47:52
TXN438332,CUS00251,BOOKING,1880000.0,2026-06-12 22:47:52
TXN687111,CUS00225,ORDER,2611000.0,2026-07-01 22:47:52
TXN945028,CUS00493,BOOKING,681000.0,2026-05-20 22:47:52
TXN922230,CUS00039,ORDER,1711000.0,2026-04-14 22:47:52
TXN655947,CUS00229,ORDER,2432000.0,2026-03-06 22:47:52
TXN55563,CUS00372,ORDER,2370000.0,2026-06-17 22:47:52
TXN905158,CUS00141,BOOKING,1284000.0,2026-06-16 22:47:52
TXN781319,CUS00130,ORDER,3449000.0,2026-06-23 22:47:52
TXN333314,CUS00082,BOOKING,1475000.0,2026-03-18 22:47:52
TXN126320,CUS00013,ORDER,949000.0,2026-06-14 22:47:52
TXN289681,CUS00232,BOOKING,388000.0,2026-03-07 22:47:52
TXN848357,CUS00039,BOOKING,1604000.0,2025-12-01 22:47:52
TXN751638,CUS00260,BOOKING,951000.0,2026-01-02 22:47:52
TXN413250,CUS00076,BOOKING,207000.0,2026-05-06 22:47:52
TXN127240,CUS00198,ORDER,2304000.0,2026-05-16 22:47:52
TXN154031,CUS00359,ORDER,190000.0,2026-06-30 22:47:52
TXN958124,CUS00459,BOOKING,1079000.0,2026-06-26 22:47:52
TXN943363,CUS00088,ORDER,3580000.0,2026-07-06 22:47:52
TXN555827,CUS00407,ORDER,4689000.0,2026-04-13 22:47:52
TXN678774,CUS00266,ORDER,2039000.0,2025-11-29 22:47:52
TXN420198,CUS00424,BOOKING,314000.0,2026-06-30 22:47:52
TXN685241,CUS00308,ORDER,3930000.0,2026-06-11 22:47:52
TXN933969,CUS00375,ORDER,795000.0,2026-05-03 22:47:52
TXN465503,CUS00006,BOOKING,1968000.0,2026-07-08 22:47:52
TXN361261,CUS00081,BOOKING,565000.0,2026-04-18 22:47:52
TXN306341,CUS00001,BOOKING,1396000.0,2026-06-24 22:47:52
TXN872160,CUS00141,ORDER,1441000.0,2026-05-31 22:47:52
TXN104144,CUS00118,BOOKING,239000.0,2026-07-03 22:47:52
TXN666882,CUS00264,BOOKING,1611000.0,2025-11-13 22:47:52
TXN515643,CUS00245,BOOKING,1115000.0,2026-05-02 22:47:52
TXN735730,CUS00289,ORDER,2632000.0,2025-12-07 22:47:52
TXN80371,CUS00223,BOOKING,921000.0,2026-05-13 22:47:52
TXN30849,CUS00356,BOOKING,709000.0,2026-07-01 22:47:52
TXN40268,CUS00072,ORDER,1476000.0,2026-07-08 22:47:52
TXN332164,CUS00210,ORDER,3737000.0,2026-06-26 22:47:52
TXN183171,CUS00474,ORDER,3661000.0,2026-06-17 22:47:52
TXN757216,CUS00190,ORDER,1913000.0,2026-06-03 22:47:52
TXN111456,CUS00075,ORDER,4852000.0,2026-05-16 22:47:52
TXN962224,CUS00343,ORDER,3817000.0,2026-07-09 22:47:52
TXN284698,CUS00040,ORDER,2467000.0,2026-04-22 22:47:52
TXN731363,CUS00096,BOOKING,823000.0,2026-06-27 22:47:52
TXN483150,CUS00243,ORDER,3325000.0,2026-04-22 22:47:52
TXN452515,CUS00048,BOOKING,1231000.0,2026-02-24 22:47:52
TXN880041,CUS00219,ORDER,1040000.0,2026-04-18 22:47:52
TXN567203,CUS00367,BOOKING,852000.0,2026-03-25 22:47:52
TXN64503,CUS00366,ORDER,4070000.0,2026-06-23 22:47:52
TXN200992,CUS00455,BOOKING,779000.0,2026-04-20 22:47:52
TXN184561,CUS00164,BOOKING,1438000.0,2026-03-30 22:47:52
TXN967779,CUS00213,BOOKING,755000.0,2025-12-05 22:47:52
TXN666443,CUS00128,BOOKING,1772000.0,2026-06-24 22:47:52
TXN981638,CUS00138,ORDER,734000.0,2026-05-27 22:47:52
TXN758046,CUS00410,BOOKING,1843000.0,2026-07-02 22:47:52
TXN98506,CUS00462,BOOKING,403000.0,2026-06-19 22:47:52
TXN554103,CUS00460,BOOKING,1976000.0,2026-06-03 22:47:52
TXN352887,CUS00310,ORDER,1450000.0,2026-05-05 22:47:52
TXN575241,CUS00458,BOOKING,1633000.0,2026-06-12 22:47:52
TXN977745,CUS00098,ORDER,2050000.0,2026-05-05 22:47:52
TXN350693,CUS00250,ORDER,3154000.0,2026-01-25 22:47:52
TXN833421,CUS00181,BOOKING,1353000.0,2026-06-12 22:47:52
TXN899461,CUS00297,ORDER,4199000.0,2026-06-05 22:47:52
TXN835354,CUS00493,ORDER,2223000.0,2026-03-12 22:47:52
TXN615739,CUS00044,BOOKING,932000.0,2026-06-23 22:47:52
TXN714600,CUS00360,ORDER,4997000.0,2026-06-14 22:47:52
TXN144848,CUS00072,ORDER,4644000.0,2026-02-08 22:47:52
TXN758986,CUS00054,BOOKING,1586000.0,2026-05-26 22:47:52
TXN472712,CUS00150,BOOKING,1893000.0,2026-04-12 22:47:52
TXN806867,CUS00120,ORDER,1288000.0,2026-03-07 22:47:52
TXN393466,CUS00476,BOOKING,980000.0,2026-07-08 22:47:52
TXN352057,CUS00490,BOOKING,877000.0,2026-04-18 22:47:52
TXN738634,CUS00428,BOOKING,684000.0,2026-06-19 22:47:52
TXN863532,CUS00211,ORDER,1933000.0,2026-06-09 22:47:52
TXN218594,CUS00214,BOOKING,903000.0,2026-01-31 22:47:52
TXN201844,CUS00296,ORDER,3642000.0,2026-06-23 22:47:52
TXN562685,CUS00348,BOOKING,235000.0,2026-04-29 22:47:52
TXN433942,CUS00314,ORDER,3476000.0,2026-06-01 22:47:52
TXN153800,CUS00099,BOOKING,567000.0,2026-03-03 22:47:52
TXN687493,CUS00297,ORDER,4326000.0,2026-02-03 22:47:52
TXN667644,CUS00122,ORDER,4336000.0,2026-04-07 22:47:52
TXN779950,CUS00467,ORDER,4116000.0,2026-05-07 22:47:52
TXN666520,CUS00059,ORDER,1456000.0,2026-06-21 22:47:52
TXN968859,CUS00244,BOOKING,1166000.0,2026-07-02 22:47:52
TXN17261,CUS00419,ORDER,2546000.0,2026-06-23 22:47:52
TXN15103,CUS00043,BOOKING,1866000.0,2026-06-27 22:47:52
TXN718289,CUS00494,BOOKING,1507000.0,2026-06-02 22:47:52
TXN510867,CUS00161,ORDER,830000.0,2026-05-24 22:47:52
TXN737335,CUS00220,BOOKING,938000.0,2026-06-19 22:47:52
TXN213020,CUS00211,ORDER,3309000.0,2026-05-23 22:47:52
TXN725528,CUS00130,BOOKING,1965000.0,2026-06-30 22:47:52
TXN969806,CUS00420,BOOKING,1522000.0,2026-05-12 22:47:52
TXN662352,CUS00211,BOOKING,1387000.0,2026-06-07 22:47:52
TXN992127,CUS00284,BOOKING,1784000.0,2026-07-08 22:47:52
TXN833896,CUS00436,ORDER,3788000.0,2026-02-19 22:47:52
TXN588881,CUS00415,ORDER,1180000.0,2026-06-05 22:47:52
TXN490205,CUS00119,BOOKING,1173000.0,2026-06-05 22:47:52
TXN655453,CUS00165,BOOKING,560000.0,2026-07-06 22:47:52
TXN124298,CUS00147,ORDER,3477000.0,2026-07-03 22:47:52
TXN795166,CUS00324,ORDER,700000.0,2025-07-22 22:47:52
TXN463334,CUS00061,BOOKING,1835000.0,2026-06-11 22:47:52
TXN317609,CUS00154,ORDER,4851000.0,2026-06-25 22:47:52
TXN76940,CUS00329,ORDER,1175000.0,2026-06-10 22:47:52
TXN413645,CUS00327,ORDER,1430000.0,2026-04-28 22:47:52
TXN487989,CUS00374,ORDER,1840000.0,2026-04-07 22:47:52
TXN210933,CUS00209,BOOKING,812000.0,2026-06-30 22:47:52
TXN629830,CUS00070,BOOKING,1049000.0,2026-02-22 22:47:52
TXN602697,CUS00062,BOOKING,596000.0,2026-05-07 22:47:52
TXN541915,CUS00143,BOOKING,268000.0,2026-06-16 22:47:52
TXN565908,CUS00099,BOOKING,457000.0,2026-06-27 22:47:52
TXN673817,CUS00257,BOOKING,1146000.0,2026-05-10 22:47:52
TXN989511,CUS00232,BOOKING,926000.0,2026-02-03 22:47:52
TXN48894,CUS00394,BOOKING,666000.0,2026-05-07 22:47:52
TXN937856,CUS00406,ORDER,174000.0,2026-06-20 22:47:52
TXN312107,CUS00020,BOOKING,1256000.0,2026-06-16 22:47:52
TXN222185,CUS00444,ORDER,4652000.0,2026-06-26 22:47:52
TXN625332,CUS00157,BOOKING,621000.0,2026-06-22 22:47:52
TXN593359,CUS00359,BOOKING,1849000.0,2026-06-11 22:47:52
TXN977121,CUS00062,ORDER,3074000.0,2026-03-01 22:47:52
TXN707267,CUS00277,ORDER,2559000.0,2026-04-11 22:47:52
TXN733537,CUS00025,ORDER,251000.0,2026-06-09 22:47:52
TXN823871,CUS00065,BOOKING,231000.0,2026-05-01 22:47:52
TXN715757,CUS00290,BOOKING,1057000.0,2026-04-09 22:47:52
TXN297492,CUS00038,ORDER,173000.0,2026-06-24 22:47:52
TXN980662,CUS00013,BOOKING,1631000.0,2026-06-30 22:47:52
TXN197922,CUS00288,BOOKING,1444000.0,2026-05-30 22:47:52
TXN272247,CUS00251,ORDER,3997000.0,2026-07-02 22:47:52
TXN766512,CUS00172,BOOKING,353000.0,2026-05-15 22:47:52
TXN552875,CUS00144,BOOKING,1225000.0,2026-07-01 22:47:52
TXN152374,CUS00218,ORDER,1000000.0,2026-06-26 22:47:52
TXN750127,CUS00242,BOOKING,1409000.0,2026-05-07 22:47:52
TXN105238,CUS00296,BOOKING,1528000.0,2026-02-05 22:47:52
TXN600453,CUS00099,ORDER,2120000.0,2026-07-08 22:47:52
TXN208469,CUS00182,BOOKING,1359000.0,2026-04-10 22:47:52
TXN961252,CUS00211,BOOKING,1494000.0,2026-06-11 22:47:52
TXN824418,CUS00119,ORDER,1507000.0,2026-06-20 22:47:52
TXN520460,CUS00036,ORDER,4074000.0,2026-03-28 22:47:52
TXN651371,CUS00010,BOOKING,1830000.0,2026-06-26 22:47:52
TXN753204,CUS00009,ORDER,3023000.0,2026-06-06 22:47:52
TXN303955,CUS00272,ORDER,4463000.0,2026-04-24 22:47:52
TXN463545,CUS00489,ORDER,517000.0,2026-07-09 22:47:52
TXN867175,CUS00248,ORDER,2024000.0,2025-12-30 22:47:52
TXN740541,CUS00420,BOOKING,1689000.0,2026-06-22 22:47:52
TXN331797,CUS00185,BOOKING,1191000.0,2026-06-03 22:47:52
TXN504281,CUS00167,BOOKING,650000.0,2026-07-05 22:47:52
TXN648560,CUS00276,ORDER,2442000.0,2026-06-01 22:47:52
TXN85009,CUS00212,BOOKING,1960000.0,2026-06-10 22:47:52
TXN350278,CUS00080,ORDER,1838000.0,2026-06-15 22:47:52
TXN417306,CUS00074,ORDER,3261000.0,2025-12-12 22:47:52
TXN967534,CUS00461,BOOKING,291000.0,2026-06-04 22:47:52
TXN449789,CUS00312,ORDER,2833000.0,2026-05-12 22:47:52
TXN966386,CUS00067,ORDER,3818000.0,2026-06-26 22:47:52
TXN722074,CUS00015,BOOKING,766000.0,2026-06-28 22:47:52
TXN928464,CUS00129,BOOKING,546000.0,2026-06-10 22:47:52
TXN915014,CUS00239,ORDER,1083000.0,2026-06-26 22:47:52
TXN985139,CUS00488,BOOKING,778000.0,2026-06-12 22:47:52
TXN102819,CUS00136,BOOKING,682000.0,2026-01-20 22:47:52
TXN948733,CUS00141,BOOKING,776000.0,2026-06-24 22:47:52
TXN685718,CUS00332,ORDER,4722000.0,2026-04-06 22:47:52
TXN622077,CUS00391,ORDER,636000.0,2026-07-09 22:47:52
TXN882284,CUS00396,BOOKING,479000.0,2026-06-17 22:47:52
TXN208652,CUS00113,BOOKING,782000.0,2026-05-26 22:47:52
TXN937079,CUS00050,BOOKING,1137000.0,2026-01-26 22:47:52
TXN841726,CUS00021,BOOKING,1240000.0,2026-07-08 22:47:52
TXN322066,CUS00326,BOOKING,1683000.0,2026-05-19 22:47:52
TXN561721,CUS00405,BOOKING,679000.0,2026-05-27 22:47:52
TXN409868,CUS00102,BOOKING,1633000.0,2026-04-21 22:47:52
TXN664059,CUS00295,BOOKING,535000.0,2026-06-22 22:47:52
TXN620660,CUS00087,BOOKING,1688000.0,2026-06-11 22:47:52
TXN686068,CUS00034,BOOKING,461000.0,2026-05-19 22:47:52
TXN650610,CUS00054,ORDER,3607000.0,2026-06-18 22:47:52
TXN991842,CUS00258,BOOKING,572000.0,2026-07-08 22:47:52
TXN653369,CUS00128,BOOKING,1535000.0,2026-07-04 22:47:52
TXN207847,CUS00133,ORDER,457000.0,2026-04-13 22:47:52
TXN966076,CUS00436,ORDER,3223000.0,2026-07-05 22:47:52
TXN231184,CUS00065,BOOKING,1939000.0,2026-03-28 22:47:52
TXN19729,CUS00056,BOOKING,562000.0,2026-03-27 22:47:52
TXN874741,CUS00356,ORDER,3079000.0,2026-07-05 22:47:52
TXN191098,CUS00005,BOOKING,1340000.0,2026-05-31 22:47:52
TXN787471,CUS00348,BOOKING,214000.0,2026-01-11 22:47:52
TXN200330,CUS00106,BOOKING,1108000.0,2026-05-28 22:47:52
TXN871069,CUS00467,ORDER,480000.0,2026-04-02 22:47:52
TXN549101,CUS00257,BOOKING,707000.0,2025-07-19 22:47:52
TXN266417,CUS00201,BOOKING,1601000.0,2026-07-02 22:47:52
TXN940252,CUS00468,BOOKING,898000.0,2026-06-06 22:47:52
TXN57654,CUS00150,BOOKING,770000.0,2026-05-15 22:47:52
TXN661637,CUS00016,BOOKING,1329000.0,2026-04-04 22:47:52
TXN834712,CUS00471,ORDER,1522000.0,2026-06-12 22:47:52
TXN346,CUS00409,ORDER,4446000.0,2026-04-01 22:47:52
TXN620279,CUS00149,ORDER,4490000.0,2026-05-03 22:47:52
TXN54010,CUS00093,BOOKING,592000.0,2026-03-17 22:47:52
TXN794570,CUS00474,ORDER,4990000.0,2026-05-31 22:47:52
TXN904688,CUS00181,BOOKING,1454000.0,2026-07-04 22:47:52
TXN271310,CUS00051,ORDER,1569000.0,2026-05-24 22:47:52
TXN472403,CUS00274,ORDER,3147000.0,2026-06-06 22:47:52
TXN236238,CUS00480,BOOKING,1323000.0,2026-06-11 22:47:52
TXN964132,CUS00043,ORDER,1492000.0,2026-04-15 22:47:52
TXN198466,CUS00423,ORDER,315000.0,2026-05-12 22:47:52
TXN842454,CUS00413,BOOKING,245000.0,2026-06-05 22:47:52
TXN256156,CUS00034,BOOKING,1664000.0,2026-05-08 22:47:52
TXN292787,CUS00108,ORDER,4719000.0,2026-07-04 22:47:52
TXN425935,CUS00283,BOOKING,1893000.0,2026-03-14 22:47:52
TXN685446,CUS00167,ORDER,610000.0,2026-06-30 22:47:52
TXN954719,CUS00172,BOOKING,1266000.0,2026-04-08 22:47:52
TXN848327,CUS00100,BOOKING,1969000.0,2026-06-12 22:47:52
TXN844502,CUS00307,ORDER,1271000.0,2026-06-17 22:47:52
TXN250498,CUS00238,BOOKING,1898000.0,2026-07-06 22:47:52
TXN61912,CUS00170,BOOKING,998000.0,2026-05-25 22:47:52
TXN204882,CUS00028,ORDER,2041000.0,2026-02-26 22:47:52
TXN120996,CUS00447,BOOKING,265000.0,2026-03-19 22:47:52
TXN457463,CUS00021,BOOKING,634000.0,2026-07-06 22:47:52
TXN676206,CUS00191,BOOKING,1731000.0,2026-07-01 22:47:52
TXN29489,CUS00283,BOOKING,1252000.0,2026-06-02 22:47:52
TXN2780,CUS00101,ORDER,3230000.0,2026-04-23 22:47:52
TXN897169,CUS00380,BOOKING,1161000.0,2026-04-17 22:47:52
TXN480781,CUS00026,ORDER,3090000.0,2026-03-30 22:47:52
TXN824769,CUS00165,ORDER,2151000.0,2026-06-24 22:47:52
TXN825337,CUS00274,ORDER,4419000.0,2026-03-11 22:47:52
TXN731263,CUS00357,BOOKING,607000.0,2026-06-27 22:47:52
TXN976935,CUS00389,ORDER,2551000.0,2026-05-01 22:47:52
TXN777098,CUS00388,BOOKING,598000.0,2026-06-23 22:47:52
TXN583115,CUS00026,ORDER,3271000.0,2026-06-28 22:47:52
TXN955107,CUS00122,BOOKING,1374000.0,2026-07-03 22:47:52
TXN886926,CUS00148,ORDER,3078000.0,2026-06-10 22:47:52
TXN824059,CUS00483,ORDER,3390000.0,2026-05-06 22:47:52
TXN501498,CUS00073,ORDER,2124000.0,2026-05-28 22:47:52
TXN341910,CUS00032,BOOKING,926000.0,2026-07-07 22:47:52
TXN254101,CUS00023,ORDER,4074000.0,2026-03-31 22:47:52
TXN305104,CUS00125,ORDER,2208000.0,2026-07-01 22:47:52
TXN718588,CUS00103,BOOKING,1572000.0,2026-07-06 22:47:52
TXN639729,CUS00051,ORDER,2862000.0,2026-06-12 22:47:52
TXN904047,CUS00386,BOOKING,1650000.0,2026-04-18 22:47:52
TXN762675,CUS00419,ORDER,2510000.0,2026-06-15 22:47:52
TXN89496,CUS00367,ORDER,4055000.0,2026-06-11 22:47:52
TXN253992,CUS00097,ORDER,3330000.0,2026-03-20 22:47:52
TXN45091,CUS00099,ORDER,220000.0,2026-05-04 22:47:52
TXN987325,CUS00078,ORDER,3268000.0,2026-06-14 22:47:52
TXN95757,CUS00391,BOOKING,643000.0,2026-06-23 22:47:52
TXN585307,CUS00248,BOOKING,540000.0,2026-07-03 22:47:52
TXN546550,CUS00051,BOOKING,890000.0,2026-03-13 22:47:52
TXN620653,CUS00358,BOOKING,1592000.0,2026-02-02 22:47:52
TXN102384,CUS00091,BOOKING,1461000.0,2026-03-14 22:47:52
TXN165679,CUS00466,BOOKING,1045000.0,2026-06-18 22:47:52
TXN809330,CUS00103,BOOKING,1666000.0,2026-06-23 22:47:52
TXN31967,CUS00194,ORDER,2568000.0,2026-06-20 22:47:52
TXN682610,CUS00178,BOOKING,1081000.0,2026-04-03 22:47:52
TXN617140,CUS00190,BOOKING,751000.0,2026-04-21 22:47:52
TXN1153,CUS00009,BOOKING,1443000.0,2026-07-06 22:47:52
TXN999122,CUS00302,BOOKING,1565000.0,2026-06-11 22:47:52
TXN481344,CUS00003,BOOKING,813000.0,2026-04-29 22:47:52
TXN936446,CUS00044,ORDER,2423000.0,2026-06-08 22:47:52
TXN857526,CUS00194,ORDER,721000.0,2026-06-16 22:47:52
TXN678728,CUS00468,BOOKING,894000.0,2026-06-02 22:47:52
TXN85741,CUS00098,BOOKING,1279000.0,2026-05-19 22:47:52
TXN457450,CUS00096,BOOKING,1675000.0,2025-10-30 22:47:52
TXN320650,CUS00337,BOOKING,1924000.0,2026-06-17 22:47:52
TXN102465,CUS00312,ORDER,4625000.0,2026-06-25 22:47:52
TXN323681,CUS00015,BOOKING,453000.0,2026-05-04 22:47:52
TXN69362,CUS00035,BOOKING,1062000.0,2026-05-11 22:47:52
TXN68306,CUS00441,ORDER,1618000.0,2026-06-19 22:47:52
TXN315631,CUS00249,ORDER,649000.0,2026-06-26 22:47:52
TXN589750,CUS00292,BOOKING,450000.0,2026-06-28 22:47:52
TXN421381,CUS00293,BOOKING,1068000.0,2026-07-02 22:47:52
TXN931781,CUS00257,ORDER,2465000.0,2026-06-15 22:47:52
TXN779701,CUS00197,ORDER,288000.0,2026-05-15 22:47:52
TXN903937,CUS00043,BOOKING,1486000.0,2026-05-20 22:47:52
TXN677435,CUS00110,BOOKING,1694000.0,2026-07-01 22:47:52
TXN483126,CUS00410,BOOKING,294000.0,2026-05-09 22:47:52
TXN876581,CUS00056,BOOKING,809000.0,2025-12-20 22:47:52
TXN344294,CUS00450,ORDER,3900000.0,2026-04-08 22:47:52
TXN254625,CUS00314,BOOKING,1626000.0,2026-05-23 22:47:52
TXN604692,CUS00366,ORDER,1161000.0,2026-02-22 22:47:52
TXN720408,CUS00096,ORDER,1003000.0,2026-05-14 22:47:52
TXN509197,CUS00025,ORDER,2485000.0,2026-06-30 22:47:52
TXN857674,CUS00216,BOOKING,631000.0,2026-07-01 22:47:52
TXN343562,CUS00056,BOOKING,261000.0,2026-06-06 22:47:52
TXN624443,CUS00249,ORDER,4637000.0,2026-07-02 22:47:52
TXN775367,CUS00018,BOOKING,1168000.0,2026-05-13 22:47:52
TXN999856,CUS00192,ORDER,1877000.0,2026-03-12 22:47:52
TXN46889,CUS00396,ORDER,536000.0,2026-05-14 22:47:52
TXN673504,CUS00039,BOOKING,372000.0,2026-05-16 22:47:52
TXN373277,CUS00433,BOOKING,1826000.0,2026-06-28 22:47:52
TXN632146,CUS00390,BOOKING,1836000.0,2026-06-06 22:47:52
TXN806283,CUS00021,BOOKING,1080000.0,2026-05-27 22:47:52
TXN841581,CUS00322,BOOKING,1382000.0,2026-05-30 22:47:52
TXN146323,CUS00216,ORDER,1363000.0,2026-07-02 22:47:52
TXN966997,CUS00472,ORDER,3984000.0,2026-05-10 22:47:52
TXN944618,CUS00421,ORDER,2737000.0,2026-06-22 22:47:52
TXN19212,CUS00363,BOOKING,404000.0,2026-05-01 22:47:52
TXN164718,CUS00306,BOOKING,1561000.0,2026-06-22 22:47:52
TXN198897,CUS00406,ORDER,1822000.0,2026-03-15 22:47:52
TXN403161,CUS00011,ORDER,4842000.0,2026-05-22 22:47:52
TXN471552,CUS00422,ORDER,1658000.0,2026-06-14 22:47:52
TXN352836,CUS00390,BOOKING,1192000.0,2026-06-05 22:47:52
TXN159051,CUS00484,ORDER,4435000.0,2026-07-05 22:47:52
TXN311819,CUS00371,ORDER,2167000.0,2026-06-01 22:47:52
TXN845930,CUS00395,ORDER,4897000.0,2026-02-15 22:47:52
TXN585990,CUS00268,ORDER,2721000.0,2026-03-25 22:47:52
TXN359120,CUS00468,BOOKING,724000.0,2026-04-06 22:47:52
TXN94394,CUS00069,BOOKING,814000.0,2026-07-06 22:47:52
TXN153241,CUS00065,BOOKING,1783000.0,2026-04-25 22:47:52
TXN297465,CUS00014,ORDER,899000.0,2026-06-19 22:47:52
TXN973482,CUS00433,BOOKING,1162000.0,2026-01-30 22:47:52
TXN392567,CUS00301,BOOKING,1501000.0,2026-07-09 22:47:52
TXN411831,CUS00137,BOOKING,1858000.0,2026-02-25 22:47:52
TXN14436,CUS00490,ORDER,1556000.0,2025-12-23 22:47:52
TXN86714,CUS00446,ORDER,3039000.0,2026-06-05 22:47:52
TXN377248,CUS00356,ORDER,4487000.0,2026-07-05 22:47:52
TXN496228,CUS00416,ORDER,1572000.0,2026-06-03 22:47:52
TXN96822,CUS00362,ORDER,4178000.0,2026-06-26 22:47:52
TXN541218,CUS00115,ORDER,2203000.0,2026-03-28 22:47:52
TXN233531,CUS00183,ORDER,4113000.0,2026-06-18 22:47:52
TXN353948,CUS00363,ORDER,1205000.0,2026-06-02 22:47:52
TXN626409,CUS00294,BOOKING,430000.0,2026-06-04 22:47:52
TXN309223,CUS00474,BOOKING,1996000.0,2026-04-12 22:47:52
TXN965391,CUS00210,ORDER,2839000.0,2026-06-07 22:47:52
TXN284198,CUS00006,BOOKING,1574000.0,2026-05-25 22:47:52
TXN142719,CUS00185,ORDER,1389000.0,2026-05-29 22:47:52
TXN148503,CUS00175,BOOKING,603000.0,2026-05-05 22:47:52
TXN831724,CUS00260,ORDER,4567000.0,2026-01-06 22:47:52
TXN852551,CUS00078,ORDER,3768000.0,2026-01-18 22:47:52
TXN581135,CUS00351,BOOKING,1559000.0,2026-06-06 22:47:52
TXN290953,CUS00136,ORDER,2387000.0,2026-01-03 22:47:52
TXN560316,CUS00289,BOOKING,1979000.0,2026-05-31 22:47:52
TXN770009,CUS00032,BOOKING,330000.0,2026-06-28 22:47:52
TXN978316,CUS00362,BOOKING,1361000.0,2026-06-21 22:47:52
TXN678323,CUS00377,ORDER,289000.0,2026-05-25 22:47:52
TXN114470,CUS00484,ORDER,1034000.0,2026-06-17 22:47:52
TXN463027,CUS00110,BOOKING,927000.0,2026-05-25 22:47:52
TXN860159,CUS00188,BOOKING,1546000.0,2026-03-20 22:47:52
TXN432222,CUS00158,BOOKING,305000.0,2026-05-04 22:47:52
TXN657501,CUS00303,ORDER,3071000.0,2026-07-07 22:47:52
TXN406138,CUS00097,ORDER,220000.0,2025-12-20 22:47:52
TXN950622,CUS00306,BOOKING,470000.0,2026-02-24 22:47:52
TXN107341,CUS00268,BOOKING,1117000.0,2026-06-10 22:47:52
TXN420702,CUS00430,BOOKING,1435000.0,2026-06-30 22:47:52
TXN112347,CUS00260,ORDER,3682000.0,2026-07-07 22:47:52
TXN165249,CUS00456,BOOKING,295000.0,2026-05-29 22:47:52
TXN49269,CUS00101,ORDER,2822000.0,2026-07-01 22:47:52
TXN45733,CUS00248,BOOKING,1864000.0,2026-07-09 22:47:52
TXN892132,CUS00200,BOOKING,1943000.0,2026-05-10 22:47:52
TXN477350,CUS00359,ORDER,2868000.0,2026-05-05 22:47:52
TXN156426,CUS00339,BOOKING,1006000.0,2026-04-18 22:47:52
TXN972343,CUS00076,BOOKING,1045000.0,2026-07-06 22:47:52
TXN999235,CUS00174,ORDER,1681000.0,2026-06-13 22:47:52
TXN116905,CUS00293,ORDER,3257000.0,2026-03-27 22:47:52
TXN719633,CUS00238,BOOKING,294000.0,2026-07-07 22:47:52
TXN560018,CUS00007,ORDER,4176000.0,2026-04-02 22:47:52
TXN705142,CUS00092,ORDER,4942000.0,2026-06-28 22:47:52
TXN773308,CUS00340,BOOKING,1141000.0,2026-04-29 22:47:52
TXN465809,CUS00447,BOOKING,1466000.0,2026-05-05 22:47:52
TXN579915,CUS00010,ORDER,4090000.0,2026-05-02 22:47:52
TXN796763,CUS00126,BOOKING,682000.0,2026-06-28 22:47:52
TXN383320,CUS00241,BOOKING,986000.0,2026-05-27 22:47:52
TXN111883,CUS00197,BOOKING,1875000.0,2026-06-30 22:47:52
TXN262389,CUS00490,ORDER,1231000.0,2025-11-28 22:47:52
TXN202226,CUS00287,BOOKING,1165000.0,2026-04-21 22:47:52
TXN124490,CUS00336,BOOKING,1678000.0,2026-05-11 22:47:52
TXN55414,CUS00164,BOOKING,1568000.0,2026-02-18 22:47:52
TXN399038,CUS00294,ORDER,2419000.0,2026-06-15 22:47:52
TXN77014,CUS00247,ORDER,1701000.0,2026-06-16 22:47:52
TXN648826,CUS00428,BOOKING,713000.0,2026-05-20 22:47:52
TXN569083,CUS00022,BOOKING,1305000.0,2026-05-26 22:47:52
TXN920789,CUS00116,BOOKING,813000.0,2026-06-23 22:47:52
TXN806036,CUS00196,BOOKING,318000.0,2026-06-26 22:47:52
TXN787922,CUS00452,BOOKING,374000.0,2026-07-09 22:47:52
TXN880004,CUS00209,BOOKING,413000.0,2026-06-27 22:47:52
TXN774924,CUS00253,BOOKING,298000.0,2026-06-17 22:47:52
TXN109788,CUS00444,BOOKING,1894000.0,2026-06-06 22:47:52
TXN354529,CUS00426,ORDER,109000.0,2026-07-04 22:47:52
TXN793127,CUS00012,BOOKING,1066000.0,2025-11-06 22:47:52
TXN143910,CUS00479,BOOKING,357000.0,2026-05-21 22:47:52
TXN865984,CUS00231,BOOKING,1009000.0,2026-06-09 22:47:52
TXN874564,CUS00458,BOOKING,719000.0,2026-06-05 22:47:52
TXN751444,CUS00372,ORDER,1900000.0,2026-05-13 22:47:52
TXN242147,CUS00402,BOOKING,1748000.0,2026-06-22 22:47:52
TXN484011,CUS00062,ORDER,1301000.0,2026-04-14 22:47:52
TXN65282,CUS00380,BOOKING,1423000.0,2026-07-08 22:47:52
TXN863832,CUS00045,ORDER,3671000.0,2026-05-29 22:47:52
TXN737731,CUS00024,ORDER,4133000.0,2026-06-29 22:47:52
TXN743723,CUS00462,ORDER,1047000.0,2026-06-06 22:47:52
TXN797501,CUS00049,BOOKING,269000.0,2026-04-07 22:47:52
TXN355312,CUS00331,ORDER,4484000.0,2025-11-09 22:47:52
TXN999969,CUS00290,ORDER,1764000.0,2026-06-28 22:47:52
TXN746792,CUS00399,BOOKING,1260000.0,2026-07-04 22:47:52
TXN122621,CUS00045,BOOKING,653000.0,2026-06-15 22:47:52
TXN517828,CUS00454,BOOKING,268000.0,2026-04-14 22:47:52
TXN229860,CUS00087,ORDER,4439000.0,2026-02-10 22:47:52
TXN585898,CUS00086,BOOKING,543000.0,2026-06-20 22:47:52
TXN738521,CUS00495,BOOKING,246000.0,2026-04-12 22:47:52
TXN945017,CUS00395,BOOKING,1613000.0,2026-03-01 22:47:52
TXN908877,CUS00463,ORDER,4578000.0,2026-06-22 22:47:52
TXN531469,CUS00420,BOOKING,201000.0,2026-05-23 22:47:52
TXN18369,CUS00284,BOOKING,832000.0,2026-06-08 22:47:52
TXN802584,CUS00247,BOOKING,798000.0,2026-06-05 22:47:52
TXN660557,CUS00348,BOOKING,1720000.0,2026-05-30 22:47:52
TXN319963,CUS00468,ORDER,518000.0,2026-06-21 22:47:52
TXN724536,CUS00085,ORDER,4359000.0,2026-02-11 22:47:52
TXN139602,CUS00344,BOOKING,1801000.0,2026-03-25 22:47:52
TXN179279,CUS00264,BOOKING,756000.0,2026-03-28 22:47:52
TXN862884,CUS00119,BOOKING,807000.0,2025-11-05 22:47:52
TXN212450,CUS00123,BOOKING,284000.0,2026-02-15 22:47:52
TXN620131,CUS00205,BOOKING,1360000.0,2026-02-25 22:47:52
TXN421174,CUS00483,ORDER,2808000.0,2026-06-30 22:47:52
TXN181336,CUS00438,ORDER,2577000.0,2026-05-17 22:47:52
TXN642309,CUS00279,BOOKING,307000.0,2026-04-19 22:47:52
TXN430665,CUS00113,BOOKING,1522000.0,2026-05-14 22:47:52
TXN574236,CUS00363,BOOKING,1301000.0,2026-05-26 22:47:52
TXN610337,CUS00006,BOOKING,1643000.0,2026-03-24 22:47:52
TXN288743,CUS00183,ORDER,1904000.0,2026-04-02 22:47:52
TXN193451,CUS00320,BOOKING,1405000.0,2026-06-22 22:47:52
TXN865973,CUS00258,BOOKING,1009000.0,2026-06-08 22:47:52
TXN826297,CUS00055,BOOKING,1305000.0,2026-07-01 22:47:52
TXN952603,CUS00073,ORDER,565000.0,2026-07-04 22:47:52
TXN368850,CUS00089,BOOKING,742000.0,2026-06-05 22:47:52
TXN845540,CUS00147,BOOKING,1361000.0,2026-06-22 22:47:52
TXN550028,CUS00002,BOOKING,650000.0,2026-07-08 22:47:52
TXN944522,CUS00369,BOOKING,385000.0,2026-05-17 22:47:52
TXN273077,CUS00244,ORDER,3183000.0,2026-06-25 22:47:52
TXN426282,CUS00455,BOOKING,1876000.0,2026-06-23 22:47:52
TXN958204,CUS00088,BOOKING,568000.0,2026-06-11 22:47:52
TXN972956,CUS00322,BOOKING,1632000.0,2026-06-16 22:47:52
TXN954761,CUS00090,ORDER,1813000.0,2026-07-07 22:47:52
TXN212020,CUS00084,BOOKING,951000.0,2026-06-15 22:47:52
TXN234620,CUS00170,BOOKING,1389000.0,2026-05-21 22:47:52
TXN277391,CUS00346,BOOKING,1005000.0,2026-03-25 22:47:52
TXN613461,CUS00344,ORDER,3059000.0,2026-05-10 22:47:52
TXN996890,CUS00411,ORDER,579000.0,2026-07-03 22:47:52
TXN180188,CUS00216,ORDER,3882000.0,2026-06-24 22:47:52
TXN96231,CUS00267,ORDER,3080000.0,2026-06-18 22:47:52
TXN362400,CUS00026,BOOKING,1911000.0,2026-04-11 22:47:52
TXN927771,CUS00039,BOOKING,1907000.0,2026-05-17 22:47:52
TXN339900,CUS00462,ORDER,892000.0,2026-05-10 22:47:52
TXN387482,CUS00136,BOOKING,1548000.0,2026-07-07 22:47:52
TXN474674,CUS00071,ORDER,1021000.0,2026-06-02 22:47:52
TXN821518,CUS00001,BOOKING,1239000.0,2026-06-04 22:47:52
TXN714716,CUS00327,BOOKING,1642000.0,2026-04-19 22:47:52
TXN31625,CUS00248,BOOKING,1973000.0,2026-05-12 22:47:52
TXN584218,CUS00394,BOOKING,1177000.0,2026-05-03 22:47:52
TXN786301,CUS00141,BOOKING,753000.0,2026-05-19 22:47:52
TXN951924,CUS00112,BOOKING,337000.0,2026-04-09 22:47:52
TXN751222,CUS00212,BOOKING,1144000.0,2026-06-03 22:47:52
TXN293881,CUS00221,BOOKING,1295000.0,2026-04-23 22:47:52
TXN199845,CUS00480,ORDER,3964000.0,2026-07-06 22:47:52
TXN413451,CUS00205,ORDER,3380000.0,2026-05-28 22:47:52
TXN992894,CUS00302,BOOKING,209000.0,2026-05-29 22:47:52
TXN998137,CUS00437,ORDER,4051000.0,2026-06-12 22:47:52
TXN340194,CUS00235,ORDER,4412000.0,2026-06-16 22:47:52
TXN377621,CUS00344,BOOKING,312000.0,2026-05-25 22:47:52
TXN839441,CUS00111,ORDER,1273000.0,2026-03-31 22:47:52
TXN431934,CUS00218,BOOKING,641000.0,2026-05-08 22:47:52
TXN276575,CUS00353,ORDER,3431000.0,2026-07-03 22:47:52
TXN467591,CUS00082,BOOKING,1919000.0,2025-08-23 22:47:52
TXN815488,CUS00292,BOOKING,1919000.0,2026-06-24 22:47:52
TXN84945,CUS00095,ORDER,289000.0,2026-05-29 22:47:52
TXN767475,CUS00075,ORDER,2847000.0,2026-06-08 22:47:52
TXN565433,CUS00035,ORDER,304000.0,2026-05-17 22:47:52
TXN367791,CUS00306,BOOKING,680000.0,2026-06-10 22:47:52
TXN942966,CUS00258,ORDER,1024000.0,2026-05-24 22:47:52
TXN939691,CUS00372,BOOKING,1978000.0,2026-06-23 22:47:52
TXN133120,CUS00401,ORDER,3026000.0,2026-05-29 22:47:52
TXN643745,CUS00120,ORDER,676000.0,2026-04-22 22:47:52
TXN554871,CUS00121,ORDER,1992000.0,2026-03-25 22:47:52
TXN772522,CUS00140,ORDER,3092000.0,2026-06-30 22:47:52
TXN760588,CUS00022,ORDER,2734000.0,2026-03-15 22:47:52
TXN42240,CUS00136,ORDER,3648000.0,2026-03-20 22:47:52
TXN207328,CUS00491,BOOKING,807000.0,2026-03-22 22:47:52
TXN139381,CUS00499,BOOKING,1258000.0,2026-06-03 22:47:52
TXN881369,CUS00312,ORDER,3919000.0,2026-05-21 22:47:52
TXN97945,CUS00012,ORDER,3330000.0,2026-06-09 22:47:52
TXN159423,CUS00428,ORDER,1836000.0,2026-06-24 22:47:52
TXN414146,CUS00065,BOOKING,1206000.0,2026-04-26 22:47:52
TXN247963,CUS00371,BOOKING,714000.0,2026-06-16 22:47:52
TXN804867,CUS00158,BOOKING,1042000.0,2026-06-25 22:47:52
TXN838788,CUS00407,BOOKING,1638000.0,2026-06-10 22:47:52
TXN695217,CUS00175,ORDER,2066000.0,2026-02-21 22:47:52
TXN477805,CUS00092,ORDER,3570000.0,2026-06-15 22:47:52
TXN550797,CUS00181,ORDER,2194000.0,2026-05-23 22:47:52
TXN852578,CUS00013,ORDER,3643000.0,2026-04-18 22:47:52
TXN973679,CUS00042,BOOKING,230000.0,2026-05-03 22:47:52
TXN750383,CUS00458,BOOKING,1065000.0,2026-04-01 22:47:52
TXN503855,CUS00381,ORDER,4608000.0,2025-12-23 22:47:52
TXN126137,CUS00135,ORDER,469000.0,2026-06-08 22:47:52
TXN868727,CUS00424,BOOKING,1546000.0,2026-03-23 22:47:52
TXN965820,CUS00108,BOOKING,1248000.0,2026-07-07 22:47:52
TXN707622,CUS00320,ORDER,648000.0,2026-06-11 22:47:52
TXN168641,CUS00270,ORDER,3282000.0,2026-05-29 22:47:52
TXN610166,CUS00264,BOOKING,945000.0,2026-07-05 22:47:52
TXN701034,CUS00229,BOOKING,1894000.0,2026-02-10 22:47:52
TXN931312,CUS00183,BOOKING,798000.0,2026-04-30 22:47:52
TXN331055,CUS00189,ORDER,958000.0,2026-07-06 22:47:52
TXN361439,CUS00379,BOOKING,1766000.0,2026-04-16 22:47:52
TXN5499,CUS00442,ORDER,2045000.0,2026-05-31 22:47:52
TXN613862,CUS00061,BOOKING,264000.0,2026-04-06 22:47:52
TXN326334,CUS00285,BOOKING,1661000.0,2026-05-17 22:47:52
TXN271665,CUS00467,ORDER,2922000.0,2026-03-10 22:47:52
TXN106107,CUS00153,BOOKING,919000.0,2025-12-14 22:47:52
TXN505425,CUS00453,BOOKING,385000.0,2026-06-05 22:47:52
TXN370352,CUS00175,ORDER,1944000.0,2026-06-16 22:47:52
TXN935646,CUS00285,BOOKING,576000.0,2026-04-21 22:47:52
TXN856037,CUS00327,BOOKING,1547000.0,2026-03-14 22:47:52
TXN60112,CUS00143,ORDER,3410000.0,2026-03-05 22:47:52
TXN826204,CUS00481,ORDER,2310000.0,2026-02-03 22:47:52
TXN904726,CUS00187,ORDER,1132000.0,2026-06-20 22:47:52
TXN354484,CUS00261,BOOKING,426000.0,2025-12-22 22:47:52
TXN790439,CUS00391,ORDER,3129000.0,2026-05-29 22:47:52
TXN311254,CUS00295,BOOKING,928000.0,2026-01-23 22:47:52
TXN867294,CUS00091,BOOKING,1384000.0,2026-06-27 22:47:52
TXN735037,CUS00412,BOOKING,288000.0,2026-06-23 22:47:52
TXN165350,CUS00327,ORDER,2976000.0,2026-06-25 22:47:52
TXN115378,CUS00047,BOOKING,418000.0,2026-05-29 22:47:52
TXN901501,CUS00462,BOOKING,1054000.0,2026-06-14 22:47:52
TXN771218,CUS00033,BOOKING,795000.0,2026-06-15 22:47:52
TXN741782,CUS00158,BOOKING,427000.0,2026-06-05 22:47:52
TXN785956,CUS00094,ORDER,4889000.0,2026-06-05 22:47:52
TXN984737,CUS00227,BOOKING,1463000.0,2026-03-28 22:47:52
TXN146893,CUS00487,ORDER,1014000.0,2026-06-25 22:47:52
TXN971761,CUS00432,BOOKING,364000.0,2026-06-19 22:47:52
TXN930370,CUS00395,ORDER,2451000.0,2026-07-09 22:47:52
TXN297200,CUS00114,BOOKING,835000.0,2026-06-07 22:47:52
TXN1901,CUS00113,BOOKING,1701000.0,2026-01-07 22:47:52
TXN298302,CUS00348,ORDER,3018000.0,2026-06-03 22:47:52
TXN916462,CUS00446,BOOKING,486000.0,2026-07-02 22:47:52
TXN397023,CUS00294,ORDER,2561000.0,2026-04-05 22:47:52
TXN725121,CUS00323,BOOKING,257000.0,2026-05-25 22:47:52
TXN219334,CUS00452,BOOKING,1147000.0,2026-06-06 22:47:52
TXN346485,CUS00145,BOOKING,911000.0,2026-05-02 22:47:52
TXN280166,CUS00168,BOOKING,1998000.0,2026-06-26 22:47:52
TXN229357,CUS00340,BOOKING,545000.0,2026-06-24 22:47:52
TXN883674,CUS00311,ORDER,1597000.0,2026-07-04 22:47:52
TXN240340,CUS00106,BOOKING,1659000.0,2026-06-01 22:47:52
TXN909432,CUS00101,BOOKING,943000.0,2026-06-25 22:47:52
TXN406814,CUS00479,BOOKING,724000.0,2026-07-07 22:47:52
TXN706567,CUS00400,ORDER,1091000.0,2026-06-26 22:47:52
TXN833185,CUS00448,ORDER,3828000.0,2026-01-30 22:47:52
TXN431303,CUS00434,BOOKING,1605000.0,2026-04-18 22:47:52
TXN410490,CUS00405,ORDER,2894000.0,2026-06-19 22:47:52
TXN325735,CUS00298,BOOKING,429000.0,2026-05-25 22:47:52
TXN460244,CUS00285,BOOKING,1014000.0,2026-05-29 22:47:52
TXN680089,CUS00183,ORDER,3814000.0,2026-06-08 22:47:52
TXN671576,CUS00443,BOOKING,1632000.0,2026-06-09 22:47:52
TXN907851,CUS00323,ORDER,2907000.0,2026-07-03 22:47:52
TXN575823,CUS00087,ORDER,3125000.0,2026-06-28 22:47:52
TXN534339,CUS00079,ORDER,3101000.0,2026-06-24 22:47:52
TXN212333,CUS00266,ORDER,4591000.0,2026-06-14 22:47:52
TXN139157,CUS00232,BOOKING,1905000.0,2026-06-27 22:47:52
TXN349485,CUS00030,BOOKING,404000.0,2026-05-29 22:47:52
TXN388292,CUS00113,BOOKING,1822000.0,2026-02-27 22:47:52
TXN909006,CUS00041,BOOKING,729000.0,2026-05-29 22:47:52
TXN632031,CUS00478,ORDER,336000.0,2026-01-15 22:47:52
TXN422811,CUS00334,BOOKING,1365000.0,2026-01-14 22:47:52
TXN495003,CUS00333,ORDER,2451000.0,2026-07-07 22:47:52
TXN447876,CUS00375,BOOKING,264000.0,2026-05-27 22:47:52
TXN765740,CUS00041,BOOKING,1953000.0,2026-05-01 22:47:52
TXN566358,CUS00131,BOOKING,1683000.0,2026-07-05 22:47:52
TXN340275,CUS00222,BOOKING,1460000.0,2026-04-02 22:47:52
TXN668460,CUS00019,BOOKING,507000.0,2026-04-12 22:47:52
TXN342605,CUS00094,BOOKING,1320000.0,2026-05-31 22:47:52
TXN708647,CUS00256,BOOKING,1493000.0,2026-04-18 22:47:52
TXN826407,CUS00228,BOOKING,682000.0,2026-05-16 22:47:52
TXN603627,CUS00383,BOOKING,584000.0,2025-12-19 22:47:52
TXN203850,CUS00059,BOOKING,1813000.0,2026-03-11 22:47:52
TXN368853,CUS00315,BOOKING,523000.0,2026-01-05 22:47:52
TXN20826,CUS00111,ORDER,914000.0,2026-02-25 22:47:52
TXN121832,CUS00172,BOOKING,1585000.0,2026-06-09 22:47:52
TXN251696,CUS00339,BOOKING,1745000.0,2026-05-11 22:47:52
TXN609042,CUS00077,BOOKING,1592000.0,2026-04-23 22:47:52
TXN262906,CUS00207,ORDER,3204000.0,2026-01-15 22:47:52
TXN366174,CUS00213,ORDER,2821000.0,2026-06-21 22:47:52
TXN510749,CUS00308,BOOKING,1984000.0,2026-07-08 22:47:52
TXN297998,CUS00313,BOOKING,1529000.0,2026-04-26 22:47:52
TXN340957,CUS00415,BOOKING,1051000.0,2026-03-16 22:47:52
TXN424301,CUS00070,BOOKING,907000.0,2026-07-05 22:47:52
TXN711964,CUS00129,ORDER,1685000.0,2026-07-02 22:47:52
TXN196479,CUS00149,BOOKING,412000.0,2026-04-04 22:47:52
TXN910842,CUS00496,ORDER,137000.0,2026-05-02 22:47:52
TXN679369,CUS00444,ORDER,1776000.0,2026-03-02 22:47:52
TXN261893,CUS00395,BOOKING,811000.0,2026-05-23 22:47:52
TXN612936,CUS00163,ORDER,4473000.0,2026-04-19 22:47:52
TXN742177,CUS00072,BOOKING,1133000.0,2026-03-22 22:47:52
TXN39223,CUS00275,BOOKING,1327000.0,2026-02-05 22:47:52
TXN3956,CUS00319,ORDER,3243000.0,2026-06-21 22:47:52
TXN910625,CUS00075,ORDER,3490000.0,2025-11-20 22:47:52
TXN428221,CUS00008,BOOKING,1195000.0,2026-05-29 22:47:52
TXN70057,CUS00013,BOOKING,1415000.0,2026-06-29 22:47:52
TXN634200,CUS00133,BOOKING,1499000.0,2026-04-13 22:47:52
TXN669385,CUS00286,ORDER,2443000.0,2026-06-17 22:47:52
TXN839921,CUS00368,BOOKING,545000.0,2026-06-14 22:47:52
TXN266914,CUS00081,ORDER,2884000.0,2026-04-02 22:47:52
TXN947726,CUS00189,ORDER,4375000.0,2026-05-08 22:47:52
TXN200048,CUS00082,ORDER,4474000.0,2026-06-16 22:47:52
TXN159868,CUS00266,BOOKING,1809000.0,2026-05-14 22:47:52
TXN45991,CUS00465,BOOKING,1410000.0,2026-02-03 22:47:52
TXN321273,CUS00444,BOOKING,609000.0,2026-05-12 22:47:52
TXN671047,CUS00429,ORDER,668000.0,2026-04-02 22:47:52
TXN580997,CUS00183,BOOKING,1596000.0,2026-06-02 22:47:52
TXN634841,CUS00076,BOOKING,628000.0,2026-07-02 22:47:52
TXN932021,CUS00039,ORDER,1249000.0,2026-06-29 22:47:52
TXN313065,CUS00446,BOOKING,500000.0,2026-06-22 22:47:52
TXN577686,CUS00400,ORDER,812000.0,2026-04-05 22:47:52
TXN658282,CUS00327,BOOKING,576000.0,2026-03-24 22:47:52
TXN350359,CUS00136,ORDER,3278000.0,2025-12-04 22:47:52
TXN504672,CUS00252,BOOKING,1162000.0,2026-04-27 22:47:52
TXN230746,CUS00259,ORDER,2449000.0,2026-05-06 22:47:52
TXN12901,CUS00170,ORDER,4278000.0,2026-02-02 22:47:52
TXN841015,CUS00188,ORDER,4826000.0,2026-07-08 22:47:52
TXN584967,CUS00066,BOOKING,221000.0,2026-04-07 22:47:52
TXN345426,CUS00148,BOOKING,428000.0,2026-05-20 22:47:52
TXN774259,CUS00301,BOOKING,1378000.0,2026-06-03 22:47:52
TXN485543,CUS00050,BOOKING,738000.0,2026-04-04 22:47:52
TXN251589,CUS00284,ORDER,2375000.0,2025-08-20 22:47:52
TXN115372,CUS00399,BOOKING,1829000.0,2026-06-19 22:47:52
TXN995626,CUS00386,BOOKING,1293000.0,2026-07-09 22:47:52
TXN771181,CUS00102,BOOKING,369000.0,2026-06-25 22:47:52
TXN489207,CUS00092,ORDER,1416000.0,2026-06-03 22:47:52
TXN798872,CUS00035,BOOKING,499000.0,2026-04-04 22:47:52
TXN561119,CUS00384,BOOKING,722000.0,2026-03-10 22:47:52
TXN122052,CUS00084,BOOKING,1288000.0,2026-05-05 22:47:52
TXN885226,CUS00494,BOOKING,1765000.0,2025-12-06 22:47:52
TXN213663,CUS00070,BOOKING,300000.0,2026-07-05 22:47:52
TXN810378,CUS00229,BOOKING,1691000.0,2026-06-26 22:47:52
TXN948238,CUS00412,ORDER,3043000.0,2026-04-23 22:47:52
TXN735660,CUS00249,ORDER,2320000.0,2026-05-18 22:47:52
TXN64504,CUS00407,BOOKING,1378000.0,2026-02-21 22:47:52
TXN967187,CUS00250,BOOKING,1809000.0,2026-06-30 22:47:52
TXN95325,CUS00319,BOOKING,226000.0,2026-06-06 22:47:52
TXN94639,CUS00489,BOOKING,224000.0,2026-07-01 22:47:52
TXN720140,CUS00052,BOOKING,973000.0,2026-07-08 22:47:52
TXN344023,CUS00437,BOOKING,414000.0,2026-06-09 22:47:52
TXN312729,CUS00270,ORDER,4592000.0,2026-06-17 22:47:52
TXN899687,CUS00126,BOOKING,1677000.0,2026-02-23 22:47:52
TXN314574,CUS00385,ORDER,3308000.0,2026-06-09 22:47:52
TXN172348,CUS00072,BOOKING,1844000.0,2026-03-20 22:47:52
TXN163860,CUS00494,BOOKING,517000.0,2026-07-07 22:47:52
TXN25214,CUS00194,BOOKING,1337000.0,2026-05-29 22:47:52
TXN355328,CUS00227,ORDER,704000.0,2026-06-02 22:47:52
TXN805240,CUS00376,BOOKING,1200000.0,2026-05-20 22:47:52
TXN215159,CUS00065,BOOKING,747000.0,2026-02-04 22:47:52
TXN642950,CUS00015,BOOKING,801000.0,2026-07-03 22:47:52
TXN186845,CUS00372,ORDER,162000.0,2026-06-08 22:47:52
TXN202508,CUS00214,BOOKING,820000.0,2026-03-01 22:47:52
TXN24694,CUS00238,ORDER,3590000.0,2026-04-12 22:47:52
TXN718434,CUS00103,ORDER,3799000.0,2026-06-17 22:47:52
TXN200389,CUS00463,BOOKING,971000.0,2026-07-07 22:47:52
TXN414691,CUS00198,BOOKING,517000.0,2026-07-08 22:47:52
TXN810465,CUS00097,BOOKING,1562000.0,2026-05-04 22:47:52
TXN263769,CUS00221,BOOKING,1463000.0,2026-04-11 22:47:52
TXN538337,CUS00216,ORDER,3802000.0,2026-05-28 22:47:52
TXN742520,CUS00450,BOOKING,1980000.0,2026-06-24 22:47:52
TXN796771,CUS00148,ORDER,905000.0,2026-06-18 22:47:52
TXN373473,CUS00498,ORDER,4704000.0,2026-06-19 22:47:52
TXN801512,CUS00167,ORDER,4617000.0,2026-06-19 22:47:52
TXN462089,CUS00214,ORDER,981000.0,2026-06-04 22:47:52
TXN610471,CUS00355,ORDER,3171000.0,2026-05-19 22:47:52
TXN9388,CUS00463,ORDER,3271000.0,2026-06-26 22:47:52
TXN948437,CUS00215,BOOKING,1860000.0,2026-04-09 22:47:52
TXN703058,CUS00420,BOOKING,1749000.0,2026-06-18 22:47:52
TXN986262,CUS00463,BOOKING,1210000.0,2026-06-30 22:47:52
TXN868286,CUS00447,BOOKING,1410000.0,2026-06-19 22:47:52
TXN702667,CUS00451,BOOKING,1222000.0,2026-05-11 22:47:52
TXN433088,CUS00006,BOOKING,609000.0,2026-07-07 22:47:52
TXN350901,CUS00467,BOOKING,1168000.0,2026-05-26 22:47:52
TXN913562,CUS00056,BOOKING,975000.0,2026-06-01 22:47:52
TXN944044,CUS00144,ORDER,2510000.0,2026-07-02 22:47:52
TXN505431,CUS00059,BOOKING,1946000.0,2026-04-11 22:47:52
TXN161623,CUS00416,BOOKING,1740000.0,2026-05-21 22:47:52
TXN564922,CUS00326,BOOKING,1891000.0,2026-06-22 22:47:52
TXN550971,CUS00331,BOOKING,755000.0,2026-05-27 22:47:52
TXN786809,CUS00325,ORDER,3311000.0,2026-06-24 22:47:52
TXN61988,CUS00456,BOOKING,308000.0,2026-02-03 22:47:52
TXN649625,CUS00313,BOOKING,1108000.0,2026-06-23 22:47:52
TXN164819,CUS00480,ORDER,1454000.0,2026-06-02 22:47:52
TXN363511,CUS00099,BOOKING,1287000.0,2026-03-18 22:47:52
TXN102438,CUS00170,BOOKING,1932000.0,2026-06-14 22:47:52
TXN893987,CUS00393,ORDER,1583000.0,2026-03-27 22:47:52
TXN892664,CUS00389,BOOKING,486000.0,2026-07-09 22:47:52
TXN493990,CUS00443,BOOKING,320000.0,2026-05-16 22:47:52
TXN440949,CUS00066,BOOKING,1108000.0,2026-05-21 22:47:52
TXN802402,CUS00135,ORDER,3773000.0,2026-07-04 22:47:52
TXN114581,CUS00483,BOOKING,434000.0,2026-05-23 22:47:52
TXN913189,CUS00368,BOOKING,578000.0,2026-06-12 22:47:52
TXN452538,CUS00187,BOOKING,1732000.0,2026-07-04 22:47:52
TXN242040,CUS00258,BOOKING,388000.0,2026-05-01 22:47:52
TXN193908,CUS00401,ORDER,1795000.0,2026-07-09 22:47:52
TXN5284,CUS00055,ORDER,4552000.0,2026-05-27 22:47:52
TXN999729,CUS00011,ORDER,1176000.0,2026-06-15 22:47:52
TXN149475,CUS00183,ORDER,3317000.0,2026-07-09 22:47:52
TXN738234,CUS00413,BOOKING,1432000.0,2026-07-05 22:47:52
TXN737913,CUS00183,BOOKING,1480000.0,2026-03-14 22:47:52
TXN108661,CUS00031,ORDER,2033000.0,2026-06-10 22:47:52
TXN747826,CUS00142,ORDER,120000.0,2026-02-22 22:47:52
TXN641661,CUS00362,ORDER,335000.0,2026-04-12 22:47:52
TXN20259,CUS00467,BOOKING,285000.0,2026-05-10 22:47:52
TXN608238,CUS00211,ORDER,3050000.0,2026-06-23 22:47:52
TXN41018,CUS00103,BOOKING,1706000.0,2026-07-02 22:47:52
TXN776098,CUS00493,BOOKING,1686000.0,2026-04-08 22:47:52
TXN167953,CUS00222,BOOKING,1927000.0,2026-04-14 22:47:52
TXN610053,CUS00311,BOOKING,1184000.0,2026-05-23 22:47:52
TXN885970,CUS00146,ORDER,4239000.0,2026-01-05 22:47:52
TXN432385,CUS00276,BOOKING,1604000.0,2026-06-01 22:47:52
TXN297165,CUS00190,ORDER,4510000.0,2026-05-29 22:47:52
TXN745828,CUS00000,BOOKING,1856000.0,2026-06-22 22:47:52
TXN814338,CUS00306,BOOKING,1726000.0,2026-06-26 22:47:52
TXN750013,CUS00277,ORDER,286000.0,2026-07-08 22:47:52
TXN898213,CUS00406,ORDER,3095000.0,2026-06-29 22:47:52
TXN143305,CUS00143,BOOKING,653000.0,2026-05-29 22:47:52
TXN871368,CUS00104,ORDER,2621000.0,2026-06-08 22:47:52
TXN639561,CUS00180,BOOKING,1156000.0,2026-05-05 22:47:52
TXN222562,CUS00308,BOOKING,294000.0,2026-06-29 22:47:52
TXN284651,CUS00454,BOOKING,918000.0,2026-06-17 22:47:52
TXN297988,CUS00201,ORDER,1735000.0,2025-12-11 22:47:52
TXN746715,CUS00396,ORDER,3367000.0,2026-07-04 22:47:52
TXN990071,CUS00488,BOOKING,1154000.0,2026-04-22 22:47:52
TXN6671,CUS00288,ORDER,3372000.0,2026-05-24 22:47:52
TXN410419,CUS00341,BOOKING,706000.0,2026-06-04 22:47:52
TXN56932,CUS00363,BOOKING,809000.0,2026-05-23 22:47:52
TXN380253,CUS00415,BOOKING,283000.0,2026-06-13 22:47:52
TXN678910,CUS00181,BOOKING,660000.0,2026-06-14 22:47:52
TXN292353,CUS00036,BOOKING,1453000.0,2026-05-08 22:47:52
TXN416916,CUS00089,BOOKING,1216000.0,2026-06-19 22:47:52
TXN335017,CUS00181,ORDER,3430000.0,2026-07-08 22:47:52
TXN164242,CUS00180,BOOKING,928000.0,2026-05-14 22:47:52
TXN212518,CUS00297,BOOKING,1950000.0,2026-05-24 22:47:52
TXN181860,CUS00002,ORDER,110000.0,2026-05-01 22:47:52
TXN622684,CUS00497,ORDER,3854000.0,2026-06-27 22:47:52
TXN486474,CUS00283,ORDER,4496000.0,2026-07-01 22:47:52
TXN296978,CUS00185,BOOKING,1157000.0,2026-04-09 22:47:52
TXN242096,CUS00288,ORDER,1345000.0,2026-06-26 22:47:52
TXN881067,CUS00198,ORDER,1615000.0,2026-05-01 22:47:52
TXN405724,CUS00486,BOOKING,1330000.0,2026-05-21 22:47:52
TXN389411,CUS00419,ORDER,1848000.0,2026-02-12 22:47:52
TXN376913,CUS00460,ORDER,1728000.0,2026-04-09 22:47:52
TXN738126,CUS00379,BOOKING,1152000.0,2026-07-07 22:47:52
TXN559558,CUS00465,ORDER,1361000.0,2026-06-13 22:47:52
TXN906634,CUS00123,BOOKING,512000.0,2026-06-06 22:47:52
TXN341800,CUS00288,BOOKING,1075000.0,2026-01-14 22:47:52
TXN626091,CUS00282,BOOKING,1075000.0,2026-06-18 22:47:52
TXN728465,CUS00265,ORDER,558000.0,2026-06-10 22:47:52
TXN414846,CUS00328,BOOKING,1404000.0,2026-01-31 22:47:52
TXN388604,CUS00043,BOOKING,986000.0,2026-03-12 22:47:52
TXN733828,CUS00472,BOOKING,1613000.0,2026-06-11 22:47:52
TXN995083,CUS00142,BOOKING,1436000.0,2026-05-27 22:47:52
TXN296074,CUS00122,BOOKING,1859000.0,2026-07-02 22:47:52
TXN705895,CUS00317,BOOKING,1843000.0,2026-07-09 22:47:52
TXN685561,CUS00032,BOOKING,856000.0,2026-07-06 22:47:52
TXN342037,CUS00273,ORDER,3839000.0,2026-07-01 22:47:52
TXN658269,CUS00257,BOOKING,1930000.0,2026-06-28 22:47:52
TXN844530,CUS00241,ORDER,4249000.0,2026-04-25 22:47:52
TXN375422,CUS00337,ORDER,4132000.0,2026-01-29 22:47:52
TXN25742,CUS00378,ORDER,4602000.0,2026-06-27 22:47:52
TXN234809,CUS00258,BOOKING,830000.0,2026-05-08 22:47:52
TXN871784,CUS00210,BOOKING,1619000.0,2026-05-19 22:47:52
TXN773354,CUS00019,BOOKING,1343000.0,2026-03-29 22:47:52
TXN587293,CUS00238,ORDER,4335000.0,2026-05-16 22:47:52
TXN172199,CUS00141,BOOKING,1773000.0,2026-06-13 22:47:52
TXN391892,CUS00127,BOOKING,1916000.0,2026-05-27 22:47:52
TXN748580,CUS00007,BOOKING,1680000.0,2026-06-15 22:47:52
TXN308452,CUS00361,BOOKING,1118000.0,2026-06-21 22:47:52
TXN127768,CUS00401,BOOKING,1231000.0,2026-05-24 22:47:52
TXN159214,CUS00438,ORDER,3335000.0,2026-06-25 22:47:52
TXN295765,CUS00022,ORDER,2494000.0,2026-05-20 22:47:52
TXN907722,CUS00374,BOOKING,1987000.0,2026-01-25 22:47:52
TXN997910,CUS00139,BOOKING,733000.0,2026-06-29 22:47:52
TXN293360,CUS00424,BOOKING,1401000.0,2026-06-14 22:47:52
TXN228282,CUS00339,BOOKING,567000.0,2026-06-07 22:47:52
TXN262764,CUS00293,BOOKING,536000.0,2026-06-25 22:47:52
TXN746067,CUS00020,ORDER,3190000.0,2026-07-09 22:47:52
TXN971035,CUS00345,ORDER,3703000.0,2025-08-14 22:47:52
TXN530432,CUS00219,BOOKING,1852000.0,2026-05-04 22:47:52
TXN893446,CUS00462,BOOKING,1246000.0,2026-05-08 22:47:52
TXN383513,CUS00455,BOOKING,566000.0,2026-06-28 22:47:52
TXN471228,CUS00327,BOOKING,1448000.0,2026-04-19 22:47:52
TXN239366,CUS00463,BOOKING,563000.0,2026-05-31 22:47:52
TXN711479,CUS00169,BOOKING,361000.0,2026-05-10 22:47:52
TXN729554,CUS00176,BOOKING,1989000.0,2026-04-24 22:47:52
TXN791711,CUS00368,ORDER,1205000.0,2026-05-23 22:47:52
TXN997689,CUS00216,ORDER,2206000.0,2025-07-17 22:47:52
TXN216891,CUS00478,BOOKING,466000.0,2026-07-01 22:47:52
TXN20388,CUS00151,BOOKING,1418000.0,2026-05-12 22:47:52
TXN407724,CUS00157,BOOKING,1571000.0,2026-06-13 22:47:52
TXN148872,CUS00470,BOOKING,1957000.0,2026-03-27 22:47:52
TXN655546,CUS00190,BOOKING,832000.0,2026-05-22 22:47:52
TXN847886,CUS00398,BOOKING,1243000.0,2026-03-04 22:47:52
TXN565339,CUS00113,BOOKING,1529000.0,2026-06-29 22:47:52
TXN709163,CUS00165,ORDER,1846000.0,2026-06-05 22:47:52
TXN329073,CUS00396,BOOKING,1576000.0,2026-06-26 22:47:52
TXN240,CUS00121,BOOKING,1312000.0,2026-05-23 22:47:52
TXN636235,CUS00372,ORDER,2830000.0,2026-06-14 22:47:52
TXN763250,CUS00487,ORDER,3811000.0,2026-06-30 22:47:52
TXN286673,CUS00452,BOOKING,1294000.0,2026-07-07 22:47:52
TXN554698,CUS00348,BOOKING,714000.0,2026-06-08 22:47:52
TXN73887,CUS00293,ORDER,2291000.0,2026-07-07 22:47:52
TXN518343,CUS00430,BOOKING,1332000.0,2026-06-23 22:47:52
TXN363590,CUS00007,BOOKING,1647000.0,2026-06-11 22:47:52
TXN101124,CUS00414,BOOKING,1932000.0,2026-06-30 22:47:52
TXN570912,CUS00141,BOOKING,802000.0,2026-07-03 22:47:52
TXN895697,CUS00477,BOOKING,802000.0,2026-07-02 22:47:52
TXN34782,CUS00339,BOOKING,1174000.0,2026-03-28 22:47:52
TXN323951,CUS00355,ORDER,2771000.0,2026-05-29 22:47:52
TXN121108,CUS00101,BOOKING,438000.0,2026-03-27 22:47:52
TXN431046,CUS00355,BOOKING,949000.0,2026-05-15 22:47:52
TXN289174,CUS00098,BOOKING,944000.0,2026-06-20 22:47:52
TXN385157,CUS00135,BOOKING,1322000.0,2026-04-16 22:47:52
TXN257590,CUS00052,BOOKING,1687000.0,2026-04-14 22:47:52
TXN934010,CUS00461,BOOKING,381000.0,2026-05-10 22:47:52
TXN783830,CUS00233,ORDER,380000.0,2026-04-13 22:47:52
TXN160356,CUS00283,ORDER,2686000.0,2026-05-27 22:47:52
TXN985288,CUS00413,ORDER,3195000.0,2026-06-06 22:47:52
TXN317137,CUS00331,ORDER,3952000.0,2026-03-04 22:47:52
TXN883163,CUS00002,ORDER,3938000.0,2026-07-08 22:47:52
TXN232798,CUS00169,BOOKING,1096000.0,2026-06-30 22:47:52
TXN685318,CUS00201,ORDER,2058000.0,2026-07-01 22:47:52
TXN877110,CUS00246,BOOKING,827000.0,2025-11-10 22:47:52
TXN999117,CUS00457,BOOKING,1346000.0,2026-06-08 22:47:52
TXN292395,CUS00325,BOOKING,593000.0,2025-12-28 22:47:52
TXN882212,CUS00020,BOOKING,683000.0,2026-04-14 22:47:52
TXN663952,CUS00465,BOOKING,280000.0,2026-04-27 22:47:52
TXN430452,CUS00434,BOOKING,1213000.0,2026-06-01 22:47:52
TXN631124,CUS00441,BOOKING,1387000.0,2026-06-19 22:47:52
TXN990160,CUS00340,BOOKING,1923000.0,2026-04-23 22:47:52
TXN646513,CUS00118,ORDER,2841000.0,2026-02-04 22:47:52
TXN893995,CUS00020,BOOKING,1625000.0,2026-07-06 22:47:52
TXN73124,CUS00425,ORDER,2662000.0,2026-06-28 22:47:52
TXN617362,CUS00490,BOOKING,1140000.0,2026-07-02 22:47:52
TXN147289,CUS00096,BOOKING,232000.0,2026-07-04 22:47:52
TXN6970,CUS00037,BOOKING,1495000.0,2026-04-18 22:47:52
TXN368243,CUS00098,BOOKING,796000.0,2026-06-26 22:47:52
TXN876690,CUS00363,BOOKING,625000.0,2026-06-21 22:47:52
TXN589595,CUS00312,BOOKING,1953000.0,2026-06-17 22:47:52
TXN879655,CUS00144,ORDER,992000.0,2026-07-07 22:47:52
TXN624625,CUS00426,BOOKING,730000.0,2026-04-29 22:47:52
TXN578382,CUS00437,BOOKING,517000.0,2026-06-13 22:47:52
TXN995913,CUS00499,BOOKING,1091000.0,2026-05-30 22:47:52
TXN525127,CUS00006,ORDER,2100000.0,2026-03-28 22:47:52
TXN230473,CUS00133,ORDER,1398000.0,2026-05-16 22:47:52
TXN690265,CUS00145,BOOKING,257000.0,2026-05-23 22:47:52
TXN983082,CUS00002,BOOKING,1538000.0,2026-06-28 22:47:52
TXN100061,CUS00061,ORDER,1649000.0,2026-05-12 22:47:52
TXN111699,CUS00235,ORDER,4464000.0,2026-06-02 22:47:52
TXN44316,CUS00303,BOOKING,509000.0,2026-05-13 22:47:52
TXN955528,CUS00282,ORDER,1866000.0,2026-02-24 22:47:52
TXN730966,CUS00097,ORDER,584000.0,2026-05-04 22:47:52
TXN221536,CUS00248,BOOKING,890000.0,2026-06-05 22:47:52
TXN325503,CUS00106,BOOKING,638000.0,2026-03-29 22:47:52
TXN283212,CUS00270,BOOKING,723000.0,2025-12-13 22:47:52
TXN121698,CUS00027,ORDER,1189000.0,2026-03-26 22:47:52
TXN695543,CUS00426,BOOKING,1966000.0,2026-06-24 22:47:52
TXN295562,CUS00333,BOOKING,1479000.0,2026-03-14 22:47:52
TXN348019,CUS00300,BOOKING,571000.0,2026-04-12 22:47:52
TXN339953,CUS00263,BOOKING,1839000.0,2026-06-07 22:47:52
TXN127389,CUS00015,ORDER,3802000.0,2026-06-17 22:47:52
TXN465506,CUS00365,BOOKING,850000.0,2026-06-22 22:47:52
TXN423956,CUS00351,BOOKING,835000.0,2026-07-02 22:47:52
TXN2252,CUS00249,BOOKING,874000.0,2026-04-21 22:47:52
TXN187787,CUS00067,BOOKING,503000.0,2026-06-13 22:47:52
TXN630332,CUS00191,ORDER,449000.0,2026-02-15 22:47:52
TXN434710,CUS00239,ORDER,3377000.0,2026-03-17 22:47:52
TXN824213,CUS00460,BOOKING,903000.0,2026-04-12 22:47:52
TXN365977,CUS00450,ORDER,1806000.0,2026-04-27 22:47:52
TXN255072,CUS00119,BOOKING,205000.0,2026-06-11 22:47:52
TXN237546,CUS00369,BOOKING,1446000.0,2026-06-26 22:47:52
TXN293905,CUS00072,ORDER,1613000.0,2026-07-02 22:47:52
TXN782650,CUS00311,ORDER,1386000.0,2026-06-19 22:47:52
TXN963866,CUS00290,BOOKING,420000.0,2026-03-13 22:47:52
TXN63563,CUS00144,BOOKING,1841000.0,2026-06-10 22:47:52
TXN761159,CUS00262,BOOKING,976000.0,2026-06-29 22:47:52
TXN507185,CUS00426,ORDER,3259000.0,2026-06-06 22:47:52
TXN448972,CUS00134,ORDER,1195000.0,2026-03-07 22:47:52
TXN477896,CUS00038,BOOKING,802000.0,2026-05-13 22:47:52
TXN427302,CUS00154,ORDER,2678000.0,2026-01-15 22:47:52
TXN247467,CUS00106,ORDER,2126000.0,2026-03-22 22:47:52
TXN633340,CUS00032,ORDER,4120000.0,2026-04-19 22:47:52
TXN836840,CUS00033,BOOKING,1279000.0,2026-06-16 22:47:52
TXN267219,CUS00445,ORDER,252000.0,2026-06-16 22:47:52
TXN591260,CUS00064,ORDER,3324000.0,2026-03-23 22:47:52
TXN812519,CUS00444,BOOKING,628000.0,2026-05-16 22:47:52
TXN77126,CUS00152,ORDER,2666000.0,2026-07-07 22:47:52
TXN445536,CUS00326,ORDER,1740000.0,2026-07-09 22:47:52
TXN51549,CUS00116,ORDER,1608000.0,2025-12-14 22:47:52
TXN1171,CUS00209,ORDER,2378000.0,2026-05-04 22:47:52
TXN557254,CUS00469,BOOKING,754000.0,2026-06-17 22:47:52
TXN567068,CUS00007,ORDER,4807000.0,2026-07-03 22:47:52
TXN798441,CUS00352,ORDER,4187000.0,2025-09-21 22:47:52
TXN788312,CUS00008,BOOKING,1869000.0,2025-11-02 22:47:52
TXN864833,CUS00221,ORDER,331000.0,2026-07-08 22:47:52
TXN640597,CUS00391,BOOKING,368000.0,2026-06-29 22:47:52
TXN229971,CUS00355,BOOKING,315000.0,2026-05-23 22:47:52
TXN736171,CUS00235,BOOKING,1574000.0,2026-06-24 22:47:52
TXN426971,CUS00405,ORDER,1383000.0,2026-03-25 22:47:52
TXN19228,CUS00127,ORDER,4828000.0,2026-04-07 22:47:52
TXN438297,CUS00182,BOOKING,1659000.0,2026-03-13 22:47:52
TXN335605,CUS00109,ORDER,4821000.0,2026-06-04 22:47:52
TXN714044,CUS00457,ORDER,4093000.0,2026-05-27 22:47:52
TXN777412,CUS00375,ORDER,1834000.0,2026-02-18 22:47:52
TXN729912,CUS00064,ORDER,4387000.0,2026-07-06 22:47:52
TXN64177,CUS00317,ORDER,555000.0,2026-04-18 22:47:52
TXN267390,CUS00280,BOOKING,1703000.0,2026-01-31 22:47:52
TXN252044,CUS00158,BOOKING,1206000.0,2026-03-28 22:47:52
TXN690717,CUS00251,ORDER,667000.0,2026-05-08 22:47:52
TXN898836,CUS00014,BOOKING,758000.0,2026-06-29 22:47:52
TXN505070,CUS00456,BOOKING,1141000.0,2026-05-12 22:47:52
TXN404849,CUS00382,ORDER,4432000.0,2026-03-11 22:47:52
TXN702380,CUS00028,ORDER,2114000.0,2026-06-26 22:47:52
TXN129847,CUS00334,BOOKING,836000.0,2026-06-10 22:47:52
TXN462174,CUS00276,ORDER,3643000.0,2026-06-24 22:47:52
TXN443359,CUS00394,BOOKING,880000.0,2026-06-25 22:47:52
TXN453482,CUS00456,BOOKING,974000.0,2026-02-25 22:47:52
TXN350769,CUS00127,ORDER,4991000.0,2026-05-20 22:47:52
TXN324448,CUS00201,ORDER,524000.0,2026-04-09 22:47:52
TXN921404,CUS00220,ORDER,1429000.0,2026-04-23 22:47:52
TXN795805,CUS00174,ORDER,4249000.0,2026-06-24 22:47:52
TXN661416,CUS00393,BOOKING,444000.0,2026-07-07 22:47:52
TXN160573,CUS00067,BOOKING,1207000.0,2026-06-03 22:47:52
TXN974521,CUS00423,BOOKING,679000.0,2026-06-11 22:47:52
TXN456451,CUS00490,BOOKING,1084000.0,2026-04-29 22:47:52
TXN466235,CUS00238,BOOKING,1613000.0,2026-05-27 22:47:52
TXN492060,CUS00483,ORDER,2818000.0,2026-06-28 22:47:52
TXN113982,CUS00430,BOOKING,1212000.0,2026-03-15 22:47:52
TXN866233,CUS00127,ORDER,2589000.0,2026-07-02 22:47:52
TXN949847,CUS00235,BOOKING,1478000.0,2026-06-28 22:47:52
TXN15918,CUS00164,ORDER,2443000.0,2026-05-30 22:47:52
TXN445808,CUS00192,ORDER,4572000.0,2026-03-04 22:47:52
TXN983600,CUS00092,BOOKING,1549000.0,2026-05-27 22:47:52
TXN170656,CUS00488,BOOKING,1260000.0,2026-06-18 22:47:52
TXN293705,CUS00342,BOOKING,385000.0,2026-05-24 22:47:52
TXN292351,CUS00279,ORDER,3265000.0,2026-05-20 22:47:52
TXN658533,CUS00390,BOOKING,1127000.0,2026-07-09 22:47:52
TXN884400,CUS00290,BOOKING,265000.0,2026-06-10 22:47:52
TXN88559,CUS00024,BOOKING,1863000.0,2026-06-18 22:47:52
TXN367175,CUS00339,BOOKING,1503000.0,2026-06-14 22:47:52
TXN656513,CUS00078,ORDER,4669000.0,2026-06-25 22:47:52
TXN65487,CUS00248,ORDER,2133000.0,2026-04-02 22:47:52
TXN693997,CUS00055,ORDER,4311000.0,2026-05-19 22:47:52
TXN595306,CUS00141,BOOKING,1430000.0,2026-04-08 22:47:52
TXN663512,CUS00160,ORDER,806000.0,2026-04-03 22:47:52
TXN201992,CUS00147,BOOKING,1749000.0,2026-06-26 22:47:52
TXN760809,CUS00389,ORDER,4978000.0,2025-09-06 22:47:52
TXN712938,CUS00157,BOOKING,1745000.0,2026-06-03 22:47:52
TXN316645,CUS00487,BOOKING,1672000.0,2026-05-26 22:47:52
TXN931509,CUS00055,ORDER,907000.0,2026-06-21 22:47:52
TXN451975,CUS00157,BOOKING,458000.0,2026-05-07 22:47:52
TXN944631,CUS00273,BOOKING,1243000.0,2026-06-14 22:47:52
TXN383288,CUS00280,ORDER,1318000.0,2026-03-09 22:47:52
TXN982440,CUS00466,BOOKING,1511000.0,2026-04-01 22:47:52
TXN99292,CUS00055,BOOKING,1109000.0,2026-06-10 22:47:52
TXN507669,CUS00214,ORDER,955000.0,2026-05-07 22:47:52
TXN278679,CUS00426,ORDER,1467000.0,2026-04-27 22:47:52
TXN891693,CUS00303,BOOKING,1575000.0,2025-11-21 22:47:52
TXN925791,CUS00235,BOOKING,261000.0,2026-06-06 22:47:52
TXN304861,CUS00220,ORDER,4438000.0,2026-06-25 22:47:52
TXN382903,CUS00145,BOOKING,801000.0,2026-02-09 22:47:52
TXN895224,CUS00493,BOOKING,1570000.0,2026-07-06 22:47:52
TXN393767,CUS00304,BOOKING,809000.0,2026-05-12 22:47:52
TXN113004,CUS00484,ORDER,1283000.0,2026-07-08 22:47:52
TXN498119,CUS00263,ORDER,285000.0,2026-05-09 22:47:52
TXN642396,CUS00140,ORDER,3684000.0,2026-06-14 22:47:52
TXN868745,CUS00460,BOOKING,492000.0,2026-04-30 22:47:52
TXN827220,CUS00143,ORDER,490000.0,2026-05-23 22:47:52
TXN381903,CUS00378,BOOKING,640000.0,2026-07-01 22:47:52
TXN666757,CUS00073,BOOKING,555000.0,2026-03-23 22:47:52
TXN374677,CUS00466,BOOKING,1154000.0,2026-05-10 22:47:52
TXN685018,CUS00457,BOOKING,540000.0,2026-02-17 22:47:52
TXN737016,CUS00470,BOOKING,1034000.0,2026-06-26 22:47:52
TXN197561,CUS00279,ORDER,1165000.0,2026-05-29 22:47:52
TXN375723,CUS00250,BOOKING,1813000.0,2026-04-26 22:47:52
TXN535542,CUS00001,BOOKING,1921000.0,2026-07-05 22:47:52
TXN465070,CUS00021,BOOKING,1012000.0,2026-03-08 22:47:52
TXN311525,CUS00376,ORDER,3227000.0,2026-06-10 22:47:52
TXN991376,CUS00176,BOOKING,1203000.0,2026-04-17 22:47:52
TXN949771,CUS00167,BOOKING,326000.0,2026-04-27 22:47:52
TXN247657,CUS00089,BOOKING,1682000.0,2026-05-19 22:47:52
TXN688921,CUS00313,BOOKING,1519000.0,2026-03-17 22:47:52
TXN911653,CUS00122,BOOKING,1701000.0,2026-05-30 22:47:52
TXN216217,CUS00087,ORDER,4956000.0,2026-05-10 22:47:52
TXN553164,CUS00446,ORDER,4380000.0,2026-06-03 22:47:52
TXN407498,CUS00414,ORDER,1049000.0,2026-06-19 22:47:52
TXN289426,CUS00383,ORDER,1171000.0,2026-06-20 22:47:52
TXN917132,CUS00068,BOOKING,1345000.0,2026-06-23 22:47:52
TXN851383,CUS00037,BOOKING,1052000.0,2026-06-27 22:47:52
TXN943472,CUS00395,BOOKING,1153000.0,2026-07-06 22:47:52
TXN396177,CUS00457,BOOKING,1295000.0,2026-05-09 22:47:52
TXN248084,CUS00353,BOOKING,379000.0,2026-07-06 22:47:52
TXN315741,CUS00261,BOOKING,390000.0,2026-06-09 22:47:52
TXN78230,CUS00481,BOOKING,672000.0,2026-06-12 22:47:52
TXN47677,CUS00425,BOOKING,833000.0,2026-03-16 22:47:52
TXN621854,CUS00447,BOOKING,963000.0,2026-07-05 22:47:52
TXN882122,CUS00432,ORDER,2967000.0,2026-06-01 22:47:52
TXN654678,CUS00127,ORDER,470000.0,2026-06-08 22:47:52
TXN661150,CUS00326,ORDER,2493000.0,2026-06-21 22:47:52
TXN808298,CUS00114,ORDER,3327000.0,2026-07-07 22:47:52
TXN109829,CUS00241,BOOKING,240000.0,2026-07-06 22:47:52
TXN548001,CUS00228,ORDER,4025000.0,2026-06-01 22:47:52
TXN220650,CUS00285,BOOKING,1403000.0,2026-06-21 22:47:52
TXN652296,CUS00391,BOOKING,854000.0,2026-06-21 22:47:52
TXN542431,CUS00148,BOOKING,1178000.0,2026-05-01 22:47:52
TXN89565,CUS00173,BOOKING,1346000.0,2026-06-13 22:47:52
TXN823665,CUS00158,BOOKING,546000.0,2026-03-24 22:47:52
TXN895128,CUS00381,ORDER,3433000.0,2026-02-06 22:47:52
TXN474157,CUS00209,BOOKING,1790000.0,2026-06-01 22:47:52
TXN46663,CUS00235,BOOKING,454000.0,2026-02-09 22:47:52
TXN195085,CUS00290,BOOKING,1672000.0,2026-07-02 22:47:52
TXN341812,CUS00107,BOOKING,408000.0,2026-04-24 22:47:52
TXN675493,CUS00211,BOOKING,1003000.0,2026-06-13 22:47:52
TXN425199,CUS00427,ORDER,3447000.0,2026-06-10 22:47:52
TXN555148,CUS00053,BOOKING,935000.0,2026-05-23 22:47:52
TXN473938,CUS00348,BOOKING,945000.0,2026-03-02 22:47:52
TXN45539,CUS00148,BOOKING,1923000.0,2026-05-14 22:47:52
TXN219923,CUS00114,BOOKING,242000.0,2026-05-31 22:47:52
TXN335070,CUS00234,ORDER,4563000.0,2026-03-23 22:47:52
TXN175259,CUS00065,ORDER,1672000.0,2026-05-04 22:47:52
TXN609025,CUS00378,ORDER,1784000.0,2026-05-19 22:47:52
TXN816600,CUS00238,ORDER,2464000.0,2026-07-01 22:47:52
TXN676140,CUS00486,BOOKING,256000.0,2026-05-11 22:47:52
TXN907773,CUS00031,BOOKING,606000.0,2026-05-30 22:47:52
TXN461974,CUS00052,ORDER,2865000.0,2026-06-29 22:47:52
TXN76433,CUS00346,ORDER,4181000.0,2026-05-12 22:47:52
TXN340550,CUS00191,BOOKING,456000.0,2026-06-16 22:47:52
TXN465683,CUS00473,BOOKING,886000.0,2026-06-08 22:47:52
TXN730754,CUS00487,BOOKING,1573000.0,2026-07-02 22:47:52
TXN329598,CUS00432,ORDER,1344000.0,2026-06-28 22:47:52
TXN882356,CUS00188,ORDER,3819000.0,2026-04-04 22:47:52
TXN714987,CUS00029,ORDER,3513000.0,2026-05-22 22:47:52
TXN932421,CUS00220,BOOKING,693000.0,2026-01-20 22:47:52
TXN55349,CUS00376,BOOKING,1117000.0,2026-06-13 22:47:52
TXN342741,CUS00146,ORDER,1469000.0,2026-04-12 22:47:52
TXN787677,CUS00414,ORDER,3975000.0,2026-06-29 22:47:52
TXN901042,CUS00383,ORDER,716000.0,2026-05-08 22:47:52
TXN50007,CUS00181,ORDER,2071000.0,2026-02-20 22:47:52
TXN899296,CUS00193,ORDER,1006000.0,2026-05-22 22:47:52
TXN232386,CUS00166,BOOKING,897000.0,2026-07-04 22:47:52
TXN957135,CUS00378,ORDER,1503000.0,2026-05-05 22:47:52
TXN933057,CUS00072,ORDER,1449000.0,2026-05-02 22:47:52
TXN672349,CUS00371,BOOKING,334000.0,2026-06-15 22:47:52
TXN249202,CUS00296,ORDER,4054000.0,2026-03-27 22:47:52
TXN108191,CUS00302,ORDER,3134000.0,2026-06-07 22:47:52
TXN637013,CUS00363,BOOKING,500000.0,2026-06-14 22:47:52
TXN987400,CUS00177,ORDER,3116000.0,2026-05-24 22:47:52
TXN2165,CUS00491,ORDER,4643000.0,2026-06-25 22:47:52
TXN326314,CUS00070,BOOKING,240000.0,2026-05-11 22:47:52
TXN218192,CUS00375,ORDER,2527000.0,2026-05-22 22:47:52
TXN833174,CUS00131,ORDER,4951000.0,2026-05-05 22:47:52
TXN209419,CUS00013,ORDER,1499000.0,2026-06-20 22:47:52
TXN428762,CUS00053,ORDER,3234000.0,2026-05-10 22:47:52
TXN573241,CUS00071,BOOKING,1489000.0,2026-06-19 22:47:52
TXN770677,CUS00305,BOOKING,1486000.0,2026-06-19 22:47:52
TXN106964,CUS00289,BOOKING,765000.0,2026-02-26 22:47:52
TXN350920,CUS00021,BOOKING,931000.0,2025-10-17 22:47:52
TXN615701,CUS00369,BOOKING,597000.0,2026-05-18 22:47:52
TXN734769,CUS00059,ORDER,2611000.0,2026-06-13 22:47:52
TXN312985,CUS00371,ORDER,4652000.0,2026-06-26 22:47:52
TXN979340,CUS00330,BOOKING,408000.0,2026-06-02 22:47:52
TXN628840,CUS00425,BOOKING,337000.0,2026-05-15 22:47:52
TXN569120,CUS00462,BOOKING,1011000.0,2026-04-15 22:47:52
TXN939019,CUS00487,BOOKING,402000.0,2026-06-21 22:47:52
TXN643812,CUS00455,BOOKING,291000.0,2026-03-30 22:47:52
TXN854215,CUS00167,ORDER,4153000.0,2026-07-09 22:47:52
TXN951749,CUS00354,BOOKING,502000.0,2026-06-28 22:47:52
TXN594194,CUS00408,BOOKING,1367000.0,2026-05-16 22:47:52
TXN60533,CUS00229,BOOKING,319000.0,2026-07-09 22:47:52
TXN345325,CUS00190,BOOKING,1006000.0,2026-05-10 22:47:52
TXN307019,CUS00473,BOOKING,1458000.0,2026-02-09 22:47:52
TXN31881,CUS00258,BOOKING,1523000.0,2026-07-08 22:47:52
TXN719076,CUS00301,BOOKING,296000.0,2026-06-30 22:47:52
TXN494543,CUS00446,BOOKING,1853000.0,2026-07-08 22:47:52
TXN263061,CUS00238,BOOKING,1236000.0,2026-05-04 22:47:52
TXN701307,CUS00207,BOOKING,540000.0,2026-04-28 22:47:52
TXN785873,CUS00024,BOOKING,1593000.0,2026-07-05 22:47:52
TXN529474,CUS00188,BOOKING,1339000.0,2026-07-02 22:47:52
TXN753702,CUS00096,BOOKING,660000.0,2026-03-08 22:47:52
TXN652729,CUS00278,ORDER,3776000.0,2026-05-24 22:47:52
TXN966838,CUS00487,BOOKING,593000.0,2026-06-20 22:47:52
TXN906891,CUS00053,BOOKING,563000.0,2026-03-12 22:47:52
TXN124882,CUS00156,ORDER,212000.0,2026-02-20 22:47:52
TXN921776,CUS00279,ORDER,2464000.0,2025-10-29 22:47:52
TXN518716,CUS00090,ORDER,3450000.0,2026-02-04 22:47:52
TXN457347,CUS00326,BOOKING,458000.0,2026-05-22 22:47:52
TXN755836,CUS00143,ORDER,3814000.0,2026-05-01 22:47:52
TXN749395,CUS00066,BOOKING,1910000.0,2026-06-23 22:47:52
TXN149544,CUS00361,BOOKING,1168000.0,2025-08-10 22:47:52
TXN900804,CUS00257,ORDER,3076000.0,2026-07-08 22:47:52
TXN458511,CUS00330,BOOKING,994000.0,2026-03-14 22:47:52
TXN600621,CUS00478,BOOKING,483000.0,2026-06-26 22:47:52
TXN7201,CUS00177,ORDER,2591000.0,2026-06-01 22:47:52
TXN657690,CUS00474,BOOKING,803000.0,2026-05-10 22:47:52
TXN547044,CUS00330,ORDER,362000.0,2026-03-05 22:47:52
TXN797969,CUS00498,BOOKING,386000.0,2026-07-01 22:47:52
TXN790800,CUS00054,ORDER,600000.0,2026-05-30 22:47:52
TXN84613,CUS00191,BOOKING,1445000.0,2026-06-26 22:47:52
TXN456157,CUS00403,BOOKING,1007000.0,2026-04-18 22:47:52
TXN457980,CUS00224,BOOKING,493000.0,2026-07-04 22:47:52
TXN291651,CUS00127,ORDER,3760000.0,2026-07-01 22:47:52
TXN871302,CUS00483,ORDER,891000.0,2026-07-01 22:47:52
TXN26942,CUS00265,BOOKING,1405000.0,2026-04-29 22:47:52
TXN237763,CUS00065,BOOKING,1172000.0,2026-05-13 22:47:52
TXN935748,CUS00441,ORDER,1550000.0,2026-02-23 22:47:52
TXN673829,CUS00207,BOOKING,531000.0,2026-03-27 22:47:52
TXN125667,CUS00427,ORDER,2857000.0,2026-07-09 22:47:52
TXN930928,CUS00260,BOOKING,1164000.0,2026-06-09 22:47:52
TXN964776,CUS00399,ORDER,590000.0,2026-07-02 22:47:52
TXN822168,CUS00054,BOOKING,440000.0,2026-02-03 22:47:52
TXN666662,CUS00311,ORDER,810000.0,2026-06-17 22:47:52
TXN502116,CUS00218,BOOKING,1024000.0,2026-06-04 22:47:52
TXN968594,CUS00044,ORDER,4386000.0,2026-06-06 22:47:52
TXN6209,CUS00423,ORDER,2439000.0,2026-02-01 22:47:52
TXN126940,CUS00016,BOOKING,1507000.0,2026-07-09 22:47:52
TXN527279,CUS00475,ORDER,1898000.0,2026-05-11 22:47:52
TXN479551,CUS00163,BOOKING,1338000.0,2026-07-09 22:47:52
TXN560154,CUS00432,ORDER,4229000.0,2026-05-14 22:47:52
TXN621154,CUS00057,ORDER,3776000.0,2026-04-20 22:47:52
TXN613755,CUS00363,ORDER,2785000.0,2026-06-10 22:47:52
TXN275819,CUS00410,BOOKING,254000.0,2026-01-28 22:47:52
TXN373207,CUS00287,BOOKING,1818000.0,2026-06-24 22:47:52
TXN325259,CUS00389,ORDER,3169000.0,2026-04-25 22:47:52
TXN801366,CUS00002,BOOKING,968000.0,2026-05-28 22:47:52
TXN938789,CUS00368,ORDER,4769000.0,2026-07-06 22:47:52
TXN670666,CUS00325,BOOKING,509000.0,2026-06-30 22:47:52
TXN877049,CUS00047,ORDER,1297000.0,2026-06-24 22:47:52
TXN620941,CUS00256,BOOKING,1541000.0,2026-02-18 22:47:52
TXN878833,CUS00344,BOOKING,1606000.0,2026-04-07 22:47:52
TXN704016,CUS00416,ORDER,1059000.0,2026-07-04 22:47:52
TXN524959,CUS00002,ORDER,414000.0,2026-06-28 22:47:52
TXN815793,CUS00282,ORDER,3833000.0,2026-03-07 22:47:52
TXN276382,CUS00477,BOOKING,594000.0,2026-06-27 22:47:52
TXN846715,CUS00003,BOOKING,1016000.0,2026-05-11 22:47:52
TXN983548,CUS00356,ORDER,1263000.0,2026-06-18 22:47:52
TXN912472,CUS00268,BOOKING,336000.0,2026-06-28 22:47:52
TXN602646,CUS00073,BOOKING,311000.0,2026-07-05 22:47:52
TXN585593,CUS00056,BOOKING,605000.0,2026-07-09 22:47:52
TXN302527,CUS00378,BOOKING,1709000.0,2026-03-19 22:47:52
TXN700516,CUS00440,ORDER,888000.0,2026-06-17 22:47:52
TXN773885,CUS00413,BOOKING,1638000.0,2026-06-26 22:47:52
TXN481256,CUS00333,ORDER,1335000.0,2026-04-22 22:47:52
TXN180017,CUS00044,BOOKING,289000.0,2025-07-23 22:47:52
TXN136336,CUS00241,ORDER,2106000.0,2026-07-08 22:47:52
TXN938666,CUS00206,ORDER,2533000.0,2026-07-07 22:47:52
TXN964129,CUS00079,ORDER,1971000.0,2026-05-23 22:47:52
TXN867360,CUS00215,ORDER,2030000.0,2026-06-18 22:47:52
TXN347124,CUS00186,BOOKING,412000.0,2026-03-12 22:47:52
